date,Departamento,victims
1990-01-01,ANTIOQUIA,2
1990-01-01,SANTANDER,1
1990-02-01,SANTANDER,1
1990-05-01,BOYACA,2
1990-06-01,ANTIOQUIA,9
1990-09-01,ANTIOQUIA,7
1990-10-01,SANTANDER,1
1991-01-01,TOLIMA,1
1991-02-01,CAQUETA,2
1991-03-01,SANTANDER,3
1991-04-01,ANTIOQUIA,2
1991-04-01,BOLIVAR,1
1991-05-01,META,3
1991-05-01,SANTANDER,1
1991-06-01,BOLIVAR,4
1991-07-01,BOLIVAR,11
1991-07-01,BOYACA,1
1991-08-01,SANTANDER,2
1991-09-01,ANTIOQUIA,2
1991-10-01,ANTIOQUIA,2
1991-10-01,BOLIVAR,2
1991-10-01,HUILA,2
1991-11-01,BOLIVAR,2
1991-11-01,GUAVIARE,4
1991-11-01,SANTANDER,5
1991-11-01,VALLE DEL CAUCA,2
1991-12-01,ARAUCA,8
1991-12-01,BOGOTA DC,1
1991-12-01,BOLIVAR,1
1991-12-01,BOYACA,2
1991-12-01,HUILA,2
1991-12-01,SANTANDER,4
1992-01-01,ANTIOQUIA,4
1992-01-01,BOLIVAR,2
1992-01-01,SANTANDER,10
1992-02-01,ANTIOQUIA,2
1992-02-01,HUILA,4
1992-02-01,SANTANDER,6
1992-03-01,ANTIOQUIA,1
1992-03-01,BOLIVAR,1
1992-03-01,BOYACA,3
1992-03-01,SANTANDER,6
1992-04-01,BOLIVAR,3
1992-04-01,SANTANDER,4
1992-05-01,SANTANDER,2
1992-06-01,ANTIOQUIA,1
1992-06-01,ATLANTICO,2
1992-06-01,BOLIVAR,8
1992-06-01,CESAR,11
1992-06-01,CUNDINAMARCA,9
1992-06-01,META,2
1992-06-01,SANTANDER,8
1992-07-01,BOLIVAR,11
1992-07-01,HUILA,7
1992-07-01,NORTE DE SANTANDER,2
1992-07-01,SANTANDER,4
1992-08-01,ANTIOQUIA,3
1992-08-01,SANTANDER,1
1992-09-01,ANTIOQUIA,4
1992-09-01,BOLIVAR,2
1992-09-01,CASANARE,2
1992-09-01,SANTANDER,17
1992-10-01,ANTIOQUIA,1
1992-10-01,BOYACA,1
1992-10-01,SANTANDER,1
1992-11-01,ANTIOQUIA,2
1992-11-01,PUTUMAYO,1
1992-11-01,SANTANDER,4
1992-12-01,TOLIMA,1
1993-01-01,ANTIOQUIA,2
1993-02-01,CASANARE,1
1993-02-01,CESAR,1
1993-02-01,SANTANDER,5
1993-03-01,ANTIOQUIA,1
1993-03-01,CAUCA,1
1993-03-01,SANTANDER,3
1993-04-01,ANTIOQUIA,3
1993-04-01,ARAUCA,1
1993-05-01,ANTIOQUIA,2
1993-05-01,BOLIVAR,5
1993-05-01,SANTANDER,3
1993-05-01,TOLIMA,2
1993-06-01,ANTIOQUIA,3
1993-06-01,BOLIVAR,3
1993-06-01,SUCRE,1
1993-07-01,BOLIVAR,1
1993-07-01,META,1
1993-08-01,BOLIVAR,4
1993-08-01,CASANARE,3
1993-08-01,PUTUMAYO,5
1993-09-01,ANTIOQUIA,7
1993-09-01,BOLIVAR,2
1993-09-01,CAQUETA,4
1993-09-01,SANTANDER,3
1993-10-01,ARAUCA,1
1993-10-01,BOYACA,1
1993-10-01,CASANARE,1
1993-10-01,SANTANDER,1
1993-11-01,ANTIOQUIA,3
1993-11-01,CAUCA,1
1993-11-01,NARIÑO,1
1993-11-01,SANTANDER,2
1993-11-01,SUCRE,6
1993-12-01,SANTANDER,4
1994-01-01,ANTIOQUIA,2
1994-01-01,BOYACA,2
1994-01-01,CORDOBA,1
1994-01-01,NARIÑO,3
1994-01-01,SANTANDER,1
1994-02-01,SANTANDER,9
1994-03-01,ANTIOQUIA,1
1994-03-01,BOLIVAR,14
1994-03-01,BOYACA,3
1994-03-01,CALDAS,4
1994-03-01,CAQUETA,1
1994-03-01,CESAR,7
1994-03-01,NORTE DE SANTANDER,1
1994-03-01,SANTANDER,2
1994-04-01,BOLIVAR,1
1994-04-01,CAQUETA,5
1994-05-01,BOLIVAR,1
1994-05-01,CAQUETA,1
1994-05-01,CESAR,1
1994-07-01,CAQUETA,3
1994-07-01,CESAR,2
1994-08-01,ANTIOQUIA,1
1994-08-01,BOLIVAR,2
1994-08-01,CALDAS,1
1994-08-01,GUAVIARE,1
1994-08-01,SANTANDER,3
1994-09-01,ANTIOQUIA,1
1994-09-01,SANTANDER,1
1994-10-01,BOLIVAR,4
1994-10-01,SANTANDER,1
1994-11-01,ANTIOQUIA,3
1994-11-01,SANTANDER,2
1994-12-01,BOLIVAR,1
1994-12-01,SANTANDER,1
1995-01-01,ANTIOQUIA,2
1995-02-01,ANTIOQUIA,1
1995-02-01,BOLIVAR,2
1995-02-01,CAUCA,1
1995-03-01,BOLIVAR,28
1995-03-01,HUILA,3
1995-04-01,ANTIOQUIA,2
1995-04-01,BOLIVAR,6
1995-04-01,TOLIMA,11
1995-05-01,BOLIVAR,4
1995-05-01,SANTANDER,4
1995-06-01,ANTIOQUIA,4
1995-06-01,CUNDINAMARCA,2
1995-07-01,ANTIOQUIA,3
1995-07-01,BOYACA,4
1995-07-01,CAQUETA,1
1995-07-01,SANTANDER,5
1995-08-01,HUILA,1
1995-09-01,ANTIOQUIA,16
1995-09-01,ARAUCA,4
1995-09-01,PUTUMAYO,2
1995-10-01,ANTIOQUIA,2
1995-10-01,CAUCA,3
1995-11-01,ANTIOQUIA,1
1995-11-01,CAQUETA,4
1995-11-01,SANTANDER,2
1995-12-01,ANTIOQUIA,7
1995-12-01,BOLIVAR,1
1995-12-01,PUTUMAYO,4
1996-01-01,ANTIOQUIA,3
1996-01-01,BOLIVAR,2
1996-01-01,CAQUETA,1
1996-02-01,ANTIOQUIA,4
1996-02-01,CAQUETA,5
1996-04-01,ANTIOQUIA,2
1996-04-01,CAQUETA,2
1996-04-01,CESAR,10
1996-04-01,GUAVIARE,17
1996-05-01,ANTIOQUIA,2
1996-05-01,META,3
1996-06-01,ANTIOQUIA,1
1996-06-01,BOLIVAR,2
1996-06-01,CAQUETA,10
1996-06-01,CAUCA,2
1996-06-01,GUAVIARE,3
1996-07-01,ANTIOQUIA,1
1996-07-01,CAQUETA,1
1996-07-01,CESAR,1
1996-08-01,BOLIVAR,2
1996-08-01,CASANARE,1
1996-08-01,GUAVIARE,1
1996-09-01,ANTIOQUIA,5
1996-09-01,META,2
1996-09-01,SUCRE,2
1996-10-01,ANTIOQUIA,1
1996-10-01,GUAVIARE,7
1996-11-01,ANTIOQUIA,4
1996-11-01,BOGOTA DC,1
1996-11-01,MAGDALENA,3
1996-11-01,META,3
1996-11-01,SUCRE,3
1996-12-01,GUAVIARE,3
1996-12-01,META,7
1996-12-01,NORTE DE SANTANDER,3
1997-01-01,CAUCA,1
1997-02-01,BOLIVAR,1
1997-02-01,CAQUETA,10
1997-02-01,CAUCA,6
1997-02-01,MAGDALENA,9
1997-02-01,META,1
1997-02-01,SANTANDER,5
1997-03-01,ATLANTICO,2
1997-04-01,ANTIOQUIA,1
1997-04-01,ARAUCA,3
1997-04-01,CHOCO,1
1997-04-01,CUNDINAMARCA,1
1997-04-01,SANTANDER,1
1997-05-01,PUTUMAYO,2
1997-05-01,SANTANDER,1
1997-06-01,ANTIOQUIA,10
1997-06-01,CESAR,1
1997-07-01,ANTIOQUIA,2
1997-07-01,NORTE DE SANTANDER,1
1997-08-01,ANTIOQUIA,11
1997-08-01,BOGOTA DC,4
1997-08-01,CESAR,1
1997-09-01,ANTIOQUIA,4
1997-09-01,CAUCA,5
1997-09-01,CUNDINAMARCA,2
1997-10-01,ANTIOQUIA,1
1997-10-01,CAQUETA,2
1997-11-01,BOLIVAR,5
1997-11-01,NORTE DE SANTANDER,1
1997-12-01,SANTANDER,1
1998-01-01,ANTIOQUIA,1
1998-01-01,CAUCA,1
1998-01-01,CUNDINAMARCA,1
1998-02-01,ANTIOQUIA,2
1998-02-01,CASANARE,4
1998-04-01,ANTIOQUIA,1
1998-05-01,ANTIOQUIA,8
1998-05-01,CUNDINAMARCA,1
1998-06-01,ANTIOQUIA,1
1998-06-01,RISARALDA,4
1998-07-01,ANTIOQUIA,1
1998-07-01,CESAR,4
1998-07-01,VALLE DEL CAUCA,2
1998-08-01,ANTIOQUIA,7
1998-09-01,CAUCA,1
1998-09-01,META,3
1998-10-01,ANTIOQUIA,1
1998-10-01,BOLIVAR,2
1998-10-01,SANTANDER,1
1998-11-01,CESAR,5
1998-11-01,GUAVIARE,1
1998-11-01,SANTANDER,2
1998-11-01,TOLIMA,2
1998-12-01,ANTIOQUIA,3
1999-01-01,SANTANDER,2
1999-03-01,ANTIOQUIA,9
1999-03-01,BOLIVAR,1
1999-04-01,META,1
1999-05-01,ANTIOQUIA,2
1999-05-01,BOLIVAR,1
1999-05-01,CAUCA,1
1999-05-01,SUCRE,4
1999-05-01,VALLE DEL CAUCA,1
1999-06-01,ANTIOQUIA,4
1999-07-01,ANTIOQUIA,5
1999-08-01,ARAUCA,2
1999-09-01,ANTIOQUIA,1
1999-09-01,SANTANDER,3
1999-10-01,CUNDINAMARCA,1
1999-11-01,ANTIOQUIA,3
1999-12-01,LA GUAJIRA,11
1999-12-01,NORTE DE SANTANDER,2
2000-01-01,ANTIOQUIA,2
2000-01-01,ARAUCA,2
2000-01-01,BOLIVAR,5
2000-01-01,META,3
2000-01-01,SANTANDER,2
2000-01-01,VALLE DEL CAUCA,3
2000-02-01,ANTIOQUIA,4
2000-02-01,NORTE DE SANTANDER,3
2000-03-01,BOLIVAR,2
2000-03-01,CAQUETA,2
2000-03-01,CASANARE,2
2000-03-01,CUNDINAMARCA,9
2000-03-01,META,4
2000-03-01,SANTANDER,1
2000-04-01,ANTIOQUIA,2
2000-04-01,BOGOTA DC,4
2000-04-01,BOLIVAR,3
2000-04-01,CAUCA,1
2000-04-01,META,1
2000-04-01,VAUPES,1
2000-05-01,ANTIOQUIA,2
2000-05-01,BOYACA,2
2000-06-01,ANTIOQUIA,8
2000-06-01,ARAUCA,3
2000-06-01,BOLIVAR,2
2000-06-01,BOYACA,4
2000-06-01,CUNDINAMARCA,2
2000-06-01,MAGDALENA,1
2000-06-01,META,2
2000-07-01,ANTIOQUIA,2
2000-07-01,BOLIVAR,1
2000-07-01,BOYACA,2
2000-07-01,CUNDINAMARCA,2
2000-07-01,SANTANDER,1
2000-08-01,ANTIOQUIA,4
2000-08-01,BOLIVAR,5
2000-08-01,NORTE DE SANTANDER,5
2000-09-01,ANTIOQUIA,1
2000-09-01,ARAUCA,3
2000-09-01,BOLIVAR,2
2000-09-01,BOYACA,1
2000-10-01,ANTIOQUIA,3
2000-10-01,ARAUCA,1
2000-10-01,BOLIVAR,2
2000-10-01,CAQUETA,1
2000-10-01,SANTANDER,5
2000-11-01,ANTIOQUIA,2
2000-11-01,ARAUCA,3
2000-11-01,BOLIVAR,2
2000-11-01,MAGDALENA,5
2000-11-01,NORTE DE SANTANDER,1
2000-11-01,SANTANDER,1
2000-12-01,META,1
2000-12-01,NORTE DE SANTANDER,2
2000-12-01,PUTUMAYO,1
2001-01-01,ANTIOQUIA,6
2001-01-01,BOLIVAR,3
2001-01-01,BOYACA,1
2001-01-01,CALDAS,2
2001-01-01,MAGDALENA,1
2001-01-01,SANTANDER,4
2001-02-01,ARAUCA,4
2001-02-01,BOLIVAR,2
2001-02-01,CESAR,1
2001-02-01,MAGDALENA,2
2001-02-01,PUTUMAYO,1
2001-03-01,ANTIOQUIA,7
2001-03-01,BOLIVAR,2
2001-03-01,CAUCA,6
2001-03-01,CORDOBA,2
2001-03-01,NORTE DE SANTANDER,1
2001-03-01,SANTANDER,5
2001-04-01,ANTIOQUIA,8
2001-04-01,ARAUCA,2
2001-04-01,BOLIVAR,2
2001-04-01,CAUCA,1
2001-04-01,NORTE DE SANTANDER,4
2001-04-01,SANTANDER,3
2001-05-01,ANTIOQUIA,1
2001-05-01,BOLIVAR,3
2001-05-01,CAUCA,2
2001-05-01,LA GUAJIRA,1
2001-05-01,NORTE DE SANTANDER,10
2001-05-01,SANTANDER,3
2001-06-01,ANTIOQUIA,23
2001-06-01,ARAUCA,6
2001-06-01,BOLIVAR,3
2001-06-01,CAQUETA,4
2001-06-01,CHOCO,1
2001-06-01,MAGDALENA,1
2001-06-01,PUTUMAYO,2
2001-06-01,SANTANDER,12
2001-07-01,ANTIOQUIA,19
2001-07-01,ARAUCA,1
2001-07-01,BOLIVAR,2
2001-07-01,CAUCA,3
2001-07-01,CESAR,9
2001-07-01,CHOCO,4
2001-07-01,MAGDALENA,1
2001-07-01,NORTE DE SANTANDER,1
2001-07-01,SANTANDER,2
2001-08-01,ANTIOQUIA,8
2001-08-01,BOLIVAR,1
2001-08-01,CAUCA,12
2001-08-01,RISARALDA,1
2001-08-01,SANTANDER,3
2001-09-01,ANTIOQUIA,1
2001-09-01,BOLIVAR,11
2001-09-01,CAQUETA,2
2001-09-01,CAUCA,4
2001-09-01,CESAR,1
2001-09-01,CHOCO,1
2001-09-01,NORTE DE SANTANDER,1
2001-09-01,PUTUMAYO,2
2001-09-01,SANTANDER,1
2001-10-01,ANTIOQUIA,6
2001-10-01,BOLIVAR,1
2001-10-01,CAUCA,6
2001-10-01,CUNDINAMARCA,10
2001-10-01,META,3
2001-10-01,NORTE DE SANTANDER,1
2001-10-01,QUINDIO,7
2001-11-01,ANTIOQUIA,5
2001-11-01,BOYACA,1
2001-11-01,CASANARE,1
2001-11-01,CUNDINAMARCA,1
2001-11-01,META,5
2001-11-01,NORTE DE SANTANDER,1
2001-11-01,PUTUMAYO,1
2001-11-01,SANTANDER,1
2001-12-01,ANTIOQUIA,5
2001-12-01,BOLIVAR,1
2001-12-01,CAUCA,1
2001-12-01,CUNDINAMARCA,2
2001-12-01,NARIÑO,4
2001-12-01,NORTE DE SANTANDER,2
2001-12-01,SANTANDER,1
2002-01-01,ANTIOQUIA,3
2002-01-01,ARAUCA,4
2002-01-01,ATLANTICO,4
2002-01-01,BOLIVAR,1
2002-01-01,BOYACA,1
2002-01-01,CASANARE,7
2002-01-01,CAUCA,1
2002-01-01,CUNDINAMARCA,1
2002-01-01,NORTE DE SANTANDER,6
2002-01-01,SANTANDER,7
2002-01-01,VALLE DEL CAUCA,11
2002-02-01,ANTIOQUIA,4
2002-02-01,BOLIVAR,2
2002-02-01,CAQUETA,8
2002-02-01,CASANARE,5
2002-02-01,CESAR,8
2002-02-01,CUNDINAMARCA,2
2002-02-01,HUILA,2
2002-02-01,NORTE DE SANTANDER,10
2002-02-01,SANTANDER,2
2002-03-01,ANTIOQUIA,3
2002-03-01,BOLIVAR,5
2002-03-01,BOYACA,5
2002-03-01,CAQUETA,20
2002-03-01,CUNDINAMARCA,2
2002-03-01,MAGDALENA,1
2002-03-01,META,8
2002-03-01,NORTE DE SANTANDER,4
2002-03-01,SANTANDER,6
2002-03-01,TOLIMA,2
2002-04-01,ANTIOQUIA,9
2002-04-01,ARAUCA,2
2002-04-01,BOLIVAR,1
2002-04-01,CALDAS,2
2002-04-01,CAQUETA,3
2002-04-01,CASANARE,1
2002-04-01,CAUCA,1
2002-04-01,CESAR,1
2002-04-01,CUNDINAMARCA,2
2002-04-01,HUILA,1
2002-04-01,META,5
2002-04-01,NORTE DE SANTANDER,1
2002-04-01,PUTUMAYO,1
2002-04-01,SANTANDER,5
2002-05-01,ANTIOQUIA,17
2002-05-01,ARAUCA,7
2002-05-01,BOLIVAR,3
2002-05-01,BOYACA,3
2002-05-01,CALDAS,2
2002-05-01,CAQUETA,11
2002-05-01,CASANARE,1
2002-05-01,CAUCA,2
2002-05-01,CUNDINAMARCA,1
2002-05-01,NORTE DE SANTANDER,5
2002-05-01,PUTUMAYO,1
2002-05-01,SANTANDER,4
2002-05-01,SUCRE,31
2002-05-01,TOLIMA,5
2002-06-01,ANTIOQUIA,3
2002-06-01,CALDAS,2
2002-06-01,CAUCA,1
2002-06-01,CUNDINAMARCA,2
2002-06-01,MAGDALENA,4
2002-06-01,META,2
2002-06-01,NARIÑO,1
2002-06-01,SANTANDER,5
2002-07-01,ANTIOQUIA,12
2002-07-01,ARAUCA,2
2002-07-01,CAQUETA,3
2002-07-01,CUNDINAMARCA,3
2002-07-01,HUILA,4
2002-07-01,NORTE DE SANTANDER,3
2002-07-01,RISARALDA,2
2002-07-01,SANTANDER,2
2002-07-01,TOLIMA,2
2002-07-01,VALLE DEL CAUCA,1
2002-08-01,ANTIOQUIA,20
2002-08-01,BOLIVAR,4
2002-08-01,CAQUETA,4
2002-08-01,CAUCA,8
2002-08-01,CESAR,3
2002-08-01,CUNDINAMARCA,5
2002-08-01,META,5
2002-08-01,NARIÑO,2
2002-08-01,NORTE DE SANTANDER,14
2002-08-01,SANTANDER,1
2002-08-01,TOLIMA,5
2002-08-01,VAUPES,2
2002-09-01,ANTIOQUIA,19
2002-09-01,BOGOTA DC,3
2002-09-01,BOLIVAR,6
2002-09-01,BOYACA,1
2002-09-01,CALDAS,3
2002-09-01,CAQUETA,6
2002-09-01,CAUCA,2
2002-09-01,CESAR,1
2002-09-01,CHOCO,2
2002-09-01,CUNDINAMARCA,2
2002-09-01,HUILA,1
2002-09-01,NARIÑO,2
2002-09-01,NORTE DE SANTANDER,4
2002-09-01,PUTUMAYO,2
2002-09-01,SANTANDER,7
2002-10-01,ANTIOQUIA,8
2002-10-01,ARAUCA,1
2002-10-01,CALDAS,1
2002-10-01,CAQUETA,16
2002-10-01,CAUCA,8
2002-10-01,CESAR,3
2002-10-01,CHOCO,3
2002-10-01,CUNDINAMARCA,4
2002-10-01,NORTE DE SANTANDER,9
2002-10-01,PUTUMAYO,1
2002-10-01,RISARALDA,2
2002-10-01,SANTANDER,3
2002-10-01,SUCRE,3
2002-10-01,TOLIMA,2
2002-10-01,VAUPES,1
2002-11-01,ANTIOQUIA,9
2002-11-01,ARAUCA,1
2002-11-01,BOLIVAR,2
2002-11-01,CAQUETA,1
2002-11-01,CASANARE,2
2002-11-01,CESAR,8
2002-11-01,CUNDINAMARCA,3
2002-11-01,HUILA,2
2002-11-01,LA GUAJIRA,7
2002-11-01,META,3
2002-11-01,NORTE DE SANTANDER,3
2002-11-01,PUTUMAYO,1
2002-11-01,QUINDIO,4
2002-11-01,SANTANDER,3
2002-11-01,TOLIMA,1
2002-11-01,VAUPES,1
2002-12-01,ANTIOQUIA,9
2002-12-01,BOLIVAR,20
2002-12-01,CAQUETA,1
2002-12-01,CASANARE,1
2002-12-01,CAUCA,6
2002-12-01,CHOCO,1
2002-12-01,CUNDINAMARCA,7
2002-12-01,NORTE DE SANTANDER,3
2002-12-01,PUTUMAYO,1
2002-12-01,SANTANDER,1
2002-12-01,TOLIMA,4
2003-01-01,ANTIOQUIA,8
2003-01-01,ARAUCA,1
2003-01-01,BOLIVAR,13
2003-01-01,BOYACA,1
2003-01-01,CALDAS,4
2003-01-01,CAQUETA,5
2003-01-01,CASANARE,2
2003-01-01,CUNDINAMARCA,3
2003-01-01,NARIÑO,2
2003-01-01,NORTE DE SANTANDER,1
2003-01-01,SANTANDER,6
2003-02-01,ANTIOQUIA,21
2003-02-01,ARAUCA,3
2003-02-01,BOLIVAR,4
2003-02-01,CALDAS,3
2003-02-01,CAQUETA,6
2003-02-01,CASANARE,1
2003-02-01,CAUCA,5
2003-02-01,CUNDINAMARCA,3
2003-02-01,HUILA,1
2003-02-01,MAGDALENA,1
2003-02-01,META,6
2003-02-01,NARIÑO,1
2003-02-01,NORTE DE SANTANDER,9
2003-02-01,PUTUMAYO,3
2003-02-01,SANTANDER,3
2003-03-01,ANTIOQUIA,27
2003-03-01,ARAUCA,5
2003-03-01,BOLIVAR,9
2003-03-01,CALDAS,5
2003-03-01,CAQUETA,6
2003-03-01,CAUCA,2
2003-03-01,CESAR,1
2003-03-01,CUNDINAMARCA,8
2003-03-01,HUILA,3
2003-03-01,MAGDALENA,5
2003-03-01,META,4
2003-03-01,NARIÑO,2
2003-03-01,NORTE DE SANTANDER,5
2003-03-01,PUTUMAYO,6
2003-03-01,SANTANDER,4
2003-03-01,SUCRE,1
2003-03-01,VICHADA,4
2003-04-01,ANTIOQUIA,11
2003-04-01,ARAUCA,2
2003-04-01,BOLIVAR,3
2003-04-01,CALDAS,2
2003-04-01,CAQUETA,4
2003-04-01,CASANARE,2
2003-04-01,CAUCA,1
2003-04-01,CESAR,5
2003-04-01,CUNDINAMARCA,4
2003-04-01,GUAVIARE,2
2003-04-01,META,6
2003-04-01,NORTE DE SANTANDER,2
2003-04-01,PUTUMAYO,1
2003-04-01,QUINDIO,5
2003-05-01,ANTIOQUIA,24
2003-05-01,ARAUCA,1
2003-05-01,CALDAS,1
2003-05-01,CAQUETA,9
2003-05-01,CASANARE,1
2003-05-01,CAUCA,6
2003-05-01,CUNDINAMARCA,2
2003-05-01,META,1
2003-05-01,NORTE DE SANTANDER,2
2003-05-01,PUTUMAYO,7
2003-05-01,QUINDIO,3
2003-05-01,VALLE DEL CAUCA,2
2003-05-01,VAUPES,4
2003-06-01,ANTIOQUIA,38
2003-06-01,ARAUCA,2
2003-06-01,BOGOTA DC,1
2003-06-01,BOLIVAR,4
2003-06-01,CALDAS,3
2003-06-01,CAQUETA,1
2003-06-01,CAUCA,3
2003-06-01,CHOCO,7
2003-06-01,CUNDINAMARCA,10
2003-06-01,HUILA,1
2003-06-01,META,1
2003-06-01,PUTUMAYO,3
2003-06-01,SANTANDER,3
2003-06-01,VAUPES,1
2003-07-01,ANTIOQUIA,20
2003-07-01,ARAUCA,1
2003-07-01,BOLIVAR,8
2003-07-01,BOYACA,4
2003-07-01,CALDAS,3
2003-07-01,CAQUETA,1
2003-07-01,CASANARE,1
2003-07-01,CAUCA,5
2003-07-01,CUNDINAMARCA,5
2003-07-01,GUAVIARE,2
2003-07-01,META,5
2003-07-01,NORTE DE SANTANDER,1
2003-07-01,PUTUMAYO,1
2003-07-01,RISARALDA,2
2003-07-01,SUCRE,1
2003-07-01,TOLIMA,5
2003-07-01,VALLE DEL CAUCA,1
2003-07-01,VAUPES,2
2003-08-01,ANTIOQUIA,16
2003-08-01,ARAUCA,1
2003-08-01,BOLIVAR,2
2003-08-01,CALDAS,1
2003-08-01,CAQUETA,10
2003-08-01,CASANARE,1
2003-08-01,CESAR,1
2003-08-01,CHOCO,3
2003-08-01,CUNDINAMARCA,8
2003-08-01,META,13
2003-08-01,NORTE DE SANTANDER,11
2003-09-01,ANTIOQUIA,16
2003-09-01,ARAUCA,3
2003-09-01,BOLIVAR,4
2003-09-01,BOYACA,1
2003-09-01,CAQUETA,4
2003-09-01,CAUCA,1
2003-09-01,HUILA,5
2003-09-01,META,10
2003-09-01,NORTE DE SANTANDER,11
2003-09-01,RISARALDA,1
2003-09-01,VAUPES,1
2003-10-01,ANTIOQUIA,11
2003-10-01,ARAUCA,1
2003-10-01,BOLIVAR,14
2003-10-01,BOYACA,1
2003-10-01,CALDAS,2
2003-10-01,CAQUETA,5
2003-10-01,CAUCA,20
2003-10-01,CESAR,8
2003-10-01,CORDOBA,1
2003-10-01,CUNDINAMARCA,1
2003-10-01,META,10
2003-10-01,NORTE DE SANTANDER,7
2003-10-01,PUTUMAYO,2
2003-10-01,SANTANDER,1
2003-10-01,VAUPES,3
2003-11-01,ANTIOQUIA,19
2003-11-01,ARAUCA,1
2003-11-01,BOLIVAR,3
2003-11-01,CALDAS,1
2003-11-01,CAQUETA,2
2003-11-01,CAUCA,2
2003-11-01,MAGDALENA,1
2003-11-01,META,8
2003-11-01,NORTE DE SANTANDER,2
2003-11-01,PUTUMAYO,6
2003-11-01,SANTANDER,4
2003-11-01,TOLIMA,1
2003-12-01,ANTIOQUIA,5
2003-12-01,ARAUCA,1
2003-12-01,BOLIVAR,1
2003-12-01,CAUCA,1
2003-12-01,CUNDINAMARCA,1
2003-12-01,HUILA,1
2003-12-01,META,9
2003-12-01,NARIÑO,1
2003-12-01,NORTE DE SANTANDER,1
2003-12-01,PUTUMAYO,2
2003-12-01,SANTANDER,2
2003-12-01,TOLIMA,1
2003-12-01,VAUPES,1
2004-01-01,ANTIOQUIA,19
2004-01-01,ARAUCA,9
2004-01-01,BOGOTA DC,1
2004-01-01,BOLIVAR,4
2004-01-01,CALDAS,4
2004-01-01,CAQUETA,18
2004-01-01,CUNDINAMARCA,6
2004-01-01,GUAVIARE,2
2004-01-01,META,8
2004-01-01,NORTE DE SANTANDER,5
2004-01-01,PUTUMAYO,2
2004-01-01,SANTANDER,1
2004-02-01,ANTIOQUIA,17
2004-02-01,ARAUCA,1
2004-02-01,BOLIVAR,7
2004-02-01,BOYACA,2
2004-02-01,CALDAS,2
2004-02-01,CAQUETA,7
2004-02-01,CAUCA,9
2004-02-01,CORDOBA,1
2004-02-01,CUNDINAMARCA,1
2004-02-01,HUILA,1
2004-02-01,META,15
2004-02-01,NARIÑO,1
2004-02-01,NORTE DE SANTANDER,3
2004-02-01,PUTUMAYO,1
2004-02-01,SANTANDER,2
2004-02-01,SUCRE,1
2004-03-01,ANTIOQUIA,25
2004-03-01,ARAUCA,5
2004-03-01,BOLIVAR,5
2004-03-01,CALDAS,3
2004-03-01,CAQUETA,11
2004-03-01,CAUCA,17
2004-03-01,CESAR,5
2004-03-01,CHOCO,1
2004-03-01,META,10
2004-03-01,NORTE DE SANTANDER,2
2004-03-01,PUTUMAYO,3
2004-03-01,SANTANDER,1
2004-03-01,VAUPES,1
2004-04-01,ANTIOQUIA,16
2004-04-01,ARAUCA,1
2004-04-01,BOLIVAR,2
2004-04-01,CALDAS,2
2004-04-01,CAQUETA,9
2004-04-01,CAUCA,2
2004-04-01,CESAR,2
2004-04-01,CORDOBA,1
2004-04-01,GUAVIARE,1
2004-04-01,META,9
2004-04-01,NORTE DE SANTANDER,4
2004-04-01,SANTANDER,1
2004-04-01,SUCRE,2
2004-04-01,TOLIMA,6
2004-04-01,VAUPES,1
2004-05-01,ANTIOQUIA,25
2004-05-01,ARAUCA,2
2004-05-01,BOLIVAR,2
2004-05-01,CALDAS,3
2004-05-01,CAQUETA,6
2004-05-01,GUAVIARE,3
2004-05-01,HUILA,1
2004-05-01,META,5
2004-05-01,PUTUMAYO,6
2004-05-01,SUCRE,2
2004-05-01,TOLIMA,4
2004-05-01,VAUPES,1
2004-06-01,ANTIOQUIA,25
2004-06-01,ARAUCA,2
2004-06-01,BOLIVAR,2
2004-06-01,BOYACA,2
2004-06-01,CALDAS,4
2004-06-01,CAQUETA,19
2004-06-01,CAUCA,2
2004-06-01,CESAR,1
2004-06-01,CORDOBA,2
2004-06-01,GUAVIARE,8
2004-06-01,META,7
2004-06-01,NORTE DE SANTANDER,6
2004-06-01,PUTUMAYO,1
2004-06-01,TOLIMA,3
2004-06-01,VALLE DEL CAUCA,1
2004-06-01,VAUPES,3
2004-07-01,ANTIOQUIA,24
2004-07-01,ARAUCA,13
2004-07-01,BOLIVAR,8
2004-07-01,CALDAS,9
2004-07-01,CAQUETA,8
2004-07-01,CASANARE,6
2004-07-01,CESAR,2
2004-07-01,META,6
2004-07-01,NORTE DE SANTANDER,5
2004-07-01,PUTUMAYO,7
2004-07-01,TOLIMA,4
2004-07-01,VAUPES,5
2004-08-01,ANTIOQUIA,20
2004-08-01,ARAUCA,3
2004-08-01,BOLIVAR,3
2004-08-01,CALDAS,1
2004-08-01,CAQUETA,11
2004-08-01,CAUCA,2
2004-08-01,CORDOBA,2
2004-08-01,META,8
2004-08-01,PUTUMAYO,1
2004-08-01,TOLIMA,4
2004-08-01,VALLE DEL CAUCA,1
2004-09-01,ANTIOQUIA,31
2004-09-01,BOLIVAR,4
2004-09-01,CAQUETA,7
2004-09-01,CAUCA,8
2004-09-01,CORDOBA,1
2004-09-01,META,12
2004-09-01,NORTE DE SANTANDER,1
2004-09-01,PUTUMAYO,1
2004-09-01,TOLIMA,2
2004-09-01,VALLE DEL CAUCA,6
2004-09-01,VAUPES,1
2004-10-01,ANTIOQUIA,43
2004-10-01,ARAUCA,10
2004-10-01,CAQUETA,12
2004-10-01,CHOCO,1
2004-10-01,CORDOBA,3
2004-10-01,HUILA,1
2004-10-01,META,12
2004-10-01,NORTE DE SANTANDER,2
2004-10-01,PUTUMAYO,6
2004-10-01,SANTANDER,1
2004-10-01,TOLIMA,2
2004-10-01,VALLE DEL CAUCA,3
2004-11-01,ANTIOQUIA,23
2004-11-01,ARAUCA,2
2004-11-01,BOLIVAR,4
2004-11-01,BOYACA,1
2004-11-01,CALDAS,2
2004-11-01,CAQUETA,8
2004-11-01,CAUCA,1
2004-11-01,CHOCO,1
2004-11-01,META,6
2004-11-01,TOLIMA,3
2004-11-01,VALLE DEL CAUCA,2
2004-12-01,ANTIOQUIA,37
2004-12-01,ARAUCA,2
2004-12-01,BOLIVAR,4
2004-12-01,CALDAS,4
2004-12-01,CAQUETA,13
2004-12-01,CUNDINAMARCA,1
2004-12-01,GUAINIA,1
2004-12-01,META,4
2004-12-01,NARIÑO,1
2004-12-01,NORTE DE SANTANDER,3
2004-12-01,TOLIMA,8
2005-01-01,ANTIOQUIA,21
2005-01-01,ARAUCA,10
2005-01-01,BOLIVAR,3
2005-01-01,CALDAS,3
2005-01-01,CAQUETA,9
2005-01-01,CAUCA,2
2005-01-01,CESAR,1
2005-01-01,GUAVIARE,5
2005-01-01,HUILA,2
2005-01-01,META,7
2005-01-01,NARIÑO,4
2005-01-01,TOLIMA,13
2005-02-01,ANTIOQUIA,18
2005-02-01,ARAUCA,7
2005-02-01,BOLIVAR,8
2005-02-01,CALDAS,1
2005-02-01,CAQUETA,5
2005-02-01,CASANARE,1
2005-02-01,CAUCA,3
2005-02-01,CESAR,7
2005-02-01,CORDOBA,5
2005-02-01,META,27
2005-02-01,NARIÑO,2
2005-02-01,NORTE DE SANTANDER,18
2005-02-01,PUTUMAYO,14
2005-02-01,TOLIMA,10
2005-02-01,VAUPES,3
2005-03-01,ANTIOQUIA,28
2005-03-01,ARAUCA,1
2005-03-01,BOLIVAR,9
2005-03-01,CAQUETA,3
2005-03-01,CAUCA,2
2005-03-01,CESAR,2
2005-03-01,CORDOBA,4
2005-03-01,HUILA,1
2005-03-01,META,19
2005-03-01,NARIÑO,3
2005-03-01,NORTE DE SANTANDER,13
2005-04-01,ANTIOQUIA,35
2005-04-01,ARAUCA,6
2005-04-01,BOLIVAR,9
2005-04-01,CALDAS,3
2005-04-01,CAQUETA,3
2005-04-01,CASANARE,1
2005-04-01,CAUCA,5
2005-04-01,CESAR,2
2005-04-01,CHOCO,3
2005-04-01,CORDOBA,2
2005-04-01,GUAVIARE,1
2005-04-01,HUILA,1
2005-04-01,LA GUAJIRA,4
2005-04-01,META,13
2005-04-01,NARIÑO,1
2005-04-01,NORTE DE SANTANDER,18
2005-04-01,RISARALDA,1
2005-04-01,TOLIMA,4
2005-05-01,ANTIOQUIA,60
2005-05-01,ARAUCA,2
2005-05-01,BOLIVAR,11
2005-05-01,CALDAS,2
2005-05-01,CAQUETA,2
2005-05-01,CAUCA,2
2005-05-01,CHOCO,3
2005-05-01,GUAVIARE,14
2005-05-01,META,15
2005-05-01,NARIÑO,2
2005-05-01,NORTE DE SANTANDER,3
2005-05-01,SANTANDER,2
2005-05-01,TOLIMA,8
2005-06-01,ANTIOQUIA,13
2005-06-01,ARAUCA,3
2005-06-01,BOLIVAR,5
2005-06-01,CAQUETA,8
2005-06-01,CAUCA,5
2005-06-01,CHOCO,4
2005-06-01,CORDOBA,2
2005-06-01,META,37
2005-06-01,NARIÑO,7
2005-06-01,NORTE DE SANTANDER,12
2005-06-01,PUTUMAYO,1
2005-06-01,SANTANDER,1
2005-06-01,VALLE DEL CAUCA,2
2005-07-01,ANTIOQUIA,22
2005-07-01,ARAUCA,11
2005-07-01,BOLIVAR,5
2005-07-01,CALDAS,6
2005-07-01,CAQUETA,3
2005-07-01,CAUCA,13
2005-07-01,LA GUAJIRA,10
2005-07-01,META,22
2005-07-01,NARIÑO,3
2005-07-01,NORTE DE SANTANDER,3
2005-07-01,PUTUMAYO,2
2005-08-01,ANTIOQUIA,9
2005-08-01,ARAUCA,1
2005-08-01,BOLIVAR,19
2005-08-01,BOYACA,1
2005-08-01,CALDAS,4
2005-08-01,CAQUETA,13
2005-08-01,CASANARE,4
2005-08-01,CAUCA,14
2005-08-01,CESAR,15
2005-08-01,CORDOBA,1
2005-08-01,GUAVIARE,1
2005-08-01,META,7
2005-08-01,NARIÑO,10
2005-08-01,NORTE DE SANTANDER,5
2005-08-01,PUTUMAYO,1
2005-08-01,RISARALDA,1
2005-08-01,SUCRE,1
2005-08-01,TOLIMA,8
2005-08-01,VALLE DEL CAUCA,3
2005-09-01,ANTIOQUIA,18
2005-09-01,ARAUCA,2
2005-09-01,BOGOTA DC,3
2005-09-01,BOLIVAR,3
2005-09-01,BOYACA,4
2005-09-01,CALDAS,1
2005-09-01,CAUCA,17
2005-09-01,CHOCO,1
2005-09-01,CUNDINAMARCA,1
2005-09-01,GUAVIARE,1
2005-09-01,META,5
2005-09-01,NARIÑO,13
2005-09-01,NORTE DE SANTANDER,2
2005-09-01,PUTUMAYO,1
2005-09-01,TOLIMA,1
2005-10-01,ANTIOQUIA,11
2005-10-01,ARAUCA,24
2005-10-01,BOGOTA DC,1
2005-10-01,BOLIVAR,6
2005-10-01,CAQUETA,4
2005-10-01,CESAR,4
2005-10-01,HUILA,11
2005-10-01,META,14
2005-10-01,NARIÑO,2
2005-10-01,NORTE DE SANTANDER,7
2005-10-01,PUTUMAYO,4
2005-10-01,SUCRE,4
2005-10-01,VALLE DEL CAUCA,3
2005-10-01,VAUPES,2
2005-11-01,ANTIOQUIA,23
2005-11-01,ARAUCA,4
2005-11-01,BOLIVAR,5
2005-11-01,CALDAS,3
2005-11-01,GUAVIARE,1
2005-11-01,META,5
2005-11-01,NARIÑO,22
2005-11-01,NORTE DE SANTANDER,8
2005-11-01,PUTUMAYO,3
2005-11-01,TOLIMA,6
2005-12-01,ANTIOQUIA,26
2005-12-01,ARAUCA,8
2005-12-01,BOYACA,2
2005-12-01,CALDAS,2
2005-12-01,CAQUETA,2
2005-12-01,CESAR,1
2005-12-01,CORDOBA,4
2005-12-01,NARIÑO,13
2005-12-01,NORTE DE SANTANDER,6
2005-12-01,TOLIMA,12
2006-01-01,ANTIOQUIA,17
2006-01-01,BOLIVAR,13
2006-01-01,BOYACA,2
2006-01-01,CAQUETA,4
2006-01-01,CAUCA,5
2006-01-01,CESAR,2
2006-01-01,HUILA,1
2006-01-01,META,25
2006-01-01,NARIÑO,5
2006-01-01,NORTE DE SANTANDER,4
2006-01-01,PUTUMAYO,1
2006-01-01,RISARALDA,3
2006-01-01,TOLIMA,6
2006-01-01,VALLE DEL CAUCA,6
2006-02-01,ANTIOQUIA,13
2006-02-01,ARAUCA,8
2006-02-01,BOLIVAR,1
2006-02-01,CALDAS,2
2006-02-01,CAQUETA,14
2006-02-01,CAUCA,5
2006-02-01,CUNDINAMARCA,5
2006-02-01,HUILA,1
2006-02-01,LA GUAJIRA,4
2006-02-01,META,31
2006-02-01,NARIÑO,13
2006-02-01,NORTE DE SANTANDER,14
2006-02-01,PUTUMAYO,3
2006-02-01,RISARALDA,1
2006-02-01,TOLIMA,17
2006-02-01,VALLE DEL CAUCA,2
2006-02-01,VICHADA,2
2006-03-01,ANTIOQUIA,17
2006-03-01,ARAUCA,8
2006-03-01,BOLIVAR,5
2006-03-01,CALDAS,5
2006-03-01,CAQUETA,19
2006-03-01,CAUCA,22
2006-03-01,CESAR,3
2006-03-01,CHOCO,3
2006-03-01,GUAVIARE,2
2006-03-01,HUILA,2
2006-03-01,LA GUAJIRA,4
2006-03-01,MAGDALENA,7
2006-03-01,META,17
2006-03-01,NARIÑO,14
2006-03-01,NORTE DE SANTANDER,9
2006-03-01,PUTUMAYO,1
2006-03-01,SUCRE,4
2006-03-01,TOLIMA,5
2006-03-01,VALLE DEL CAUCA,2
2006-04-01,ANTIOQUIA,22
2006-04-01,ARAUCA,5
2006-04-01,BOGOTA DC,1
2006-04-01,BOLIVAR,7
2006-04-01,CALDAS,15
2006-04-01,CAQUETA,4
2006-04-01,CASANARE,4
2006-04-01,CAUCA,4
2006-04-01,CESAR,1
2006-04-01,CORDOBA,1
2006-04-01,HUILA,1
2006-04-01,META,2
2006-04-01,NARIÑO,9
2006-04-01,NORTE DE SANTANDER,16
2006-04-01,TOLIMA,8
2006-04-01,VALLE DEL CAUCA,1
2006-05-01,ANTIOQUIA,22
2006-05-01,ARAUCA,3
2006-05-01,BOLIVAR,1
2006-05-01,CALDAS,2
2006-05-01,CAUCA,15
2006-05-01,CHOCO,7
2006-05-01,CORDOBA,2
2006-05-01,GUAINIA,2
2006-05-01,HUILA,6
2006-05-01,META,14
2006-05-01,NARIÑO,2
2006-05-01,NORTE DE SANTANDER,20
2006-05-01,SANTANDER,1
2006-05-01,SUCRE,2
2006-05-01,TOLIMA,21
2006-05-01,VALLE DEL CAUCA,21
2006-05-01,VAUPES,1
2006-06-01,ANTIOQUIA,23
2006-06-01,ARAUCA,2
2006-06-01,BOLIVAR,3
2006-06-01,CALDAS,2
2006-06-01,CAQUETA,4
2006-06-01,CAUCA,1
2006-06-01,CESAR,2
2006-06-01,HUILA,4
2006-06-01,META,10
2006-06-01,NARIÑO,5
2006-06-01,NORTE DE SANTANDER,6
2006-07-01,ANTIOQUIA,30
2006-07-01,ARAUCA,3
2006-07-01,BOLIVAR,6
2006-07-01,CALDAS,4
2006-07-01,CAQUETA,4
2006-07-01,GUAVIARE,2
2006-07-01,HUILA,1
2006-07-01,META,13
2006-07-01,NARIÑO,9
2006-07-01,NORTE DE SANTANDER,19
2006-07-01,PUTUMAYO,1
2006-07-01,SANTANDER,2
2006-07-01,TOLIMA,4
2006-08-01,ANTIOQUIA,33
2006-08-01,ARAUCA,7
2006-08-01,BOLIVAR,8
2006-08-01,CALDAS,2
2006-08-01,CAQUETA,6
2006-08-01,CAUCA,9
2006-08-01,CESAR,1
2006-08-01,CHOCO,2
2006-08-01,GUAVIARE,6
2006-08-01,HUILA,1
2006-08-01,META,19
2006-08-01,NARIÑO,2
2006-08-01,NORTE DE SANTANDER,15
2006-08-01,PUTUMAYO,4
2006-08-01,TOLIMA,16
2006-09-01,ANTIOQUIA,11
2006-09-01,ARAUCA,14
2006-09-01,BOLIVAR,4
2006-09-01,BOYACA,1
2006-09-01,CALDAS,3
2006-09-01,CAQUETA,5
2006-09-01,CASANARE,5
2006-09-01,CAUCA,25
2006-09-01,CORDOBA,7
2006-09-01,HUILA,1
2006-09-01,META,3
2006-09-01,NARIÑO,13
2006-09-01,NORTE DE SANTANDER,8
2006-09-01,PUTUMAYO,2
2006-09-01,TOLIMA,6
2006-10-01,ANTIOQUIA,12
2006-10-01,ARAUCA,5
2006-10-01,BOLIVAR,2
2006-10-01,BOYACA,1
2006-10-01,CALDAS,6
2006-10-01,CAQUETA,8
2006-10-01,CAUCA,1
2006-10-01,CESAR,1
2006-10-01,HUILA,3
2006-10-01,META,31
2006-10-01,NARIÑO,13
2006-10-01,NORTE DE SANTANDER,2
2006-10-01,TOLIMA,2
2006-11-01,ANTIOQUIA,9
2006-11-01,BOLIVAR,8
2006-11-01,BOYACA,1
2006-11-01,CALDAS,2
2006-11-01,CAQUETA,6
2006-11-01,CAUCA,3
2006-11-01,CORDOBA,4
2006-11-01,CUNDINAMARCA,1
2006-11-01,HUILA,3
2006-11-01,META,4
2006-11-01,NARIÑO,10
2006-11-01,PUTUMAYO,2
2006-11-01,SANTANDER,3
2006-11-01,TOLIMA,6
2006-11-01,VALLE DEL CAUCA,3
2006-12-01,ANTIOQUIA,4
2006-12-01,ARAUCA,2
2006-12-01,BOYACA,6
2006-12-01,CALDAS,1
2006-12-01,CAQUETA,3
2006-12-01,CAUCA,1
2006-12-01,HUILA,3
2006-12-01,META,2
2006-12-01,NARIÑO,6
2006-12-01,NORTE DE SANTANDER,10
2006-12-01,TOLIMA,8
2006-12-01,VALLE DEL CAUCA,5
2007-01-01,ANTIOQUIA,8
2007-01-01,ARAUCA,16
2007-01-01,BOGOTA DC,1
2007-01-01,BOLIVAR,5
2007-01-01,CALDAS,2
2007-01-01,CAUCA,3
2007-01-01,META,7
2007-01-01,NARIÑO,4
2007-01-01,NORTE DE SANTANDER,1
2007-01-01,SANTANDER,1
2007-01-01,TOLIMA,22
2007-01-01,VALLE DEL CAUCA,7
2007-02-01,ANTIOQUIA,17
2007-02-01,ARAUCA,8
2007-02-01,BOLIVAR,3
2007-02-01,CALDAS,3
2007-02-01,CAQUETA,11
2007-02-01,CASANARE,3
2007-02-01,CAUCA,1
2007-02-01,CORDOBA,1
2007-02-01,GUAVIARE,17
2007-02-01,HUILA,2
2007-02-01,META,3
2007-02-01,NARIÑO,10
2007-02-01,NORTE DE SANTANDER,5
2007-02-01,QUINDIO,4
2007-02-01,SANTANDER,2
2007-02-01,TOLIMA,3
2007-02-01,VALLE DEL CAUCA,10
2007-03-01,ANTIOQUIA,10
2007-03-01,ARAUCA,2
2007-03-01,BOLIVAR,9
2007-03-01,CALDAS,5
2007-03-01,CAQUETA,15
2007-03-01,CASANARE,2
2007-03-01,CAUCA,9
2007-03-01,CORDOBA,2
2007-03-01,GUAVIARE,1
2007-03-01,META,16
2007-03-01,NARIÑO,17
2007-03-01,NORTE DE SANTANDER,11
2007-03-01,PUTUMAYO,1
2007-03-01,RISARALDA,4
2007-03-01,TOLIMA,18
2007-03-01,VALLE DEL CAUCA,5
2007-04-01,ANTIOQUIA,20
2007-04-01,ARAUCA,12
2007-04-01,BOLIVAR,5
2007-04-01,CALDAS,5
2007-04-01,CAQUETA,11
2007-04-01,CASANARE,2
2007-04-01,CAUCA,4
2007-04-01,CESAR,1
2007-04-01,CORDOBA,2
2007-04-01,HUILA,1
2007-04-01,META,6
2007-04-01,NARIÑO,14
2007-04-01,TOLIMA,4
2007-04-01,VALLE DEL CAUCA,2
2007-05-01,ANTIOQUIA,19
2007-05-01,ARAUCA,4
2007-05-01,BOYACA,1
2007-05-01,CALDAS,2
2007-05-01,CAQUETA,14
2007-05-01,CORDOBA,1
2007-05-01,HUILA,3
2007-05-01,META,3
2007-05-01,NARIÑO,2
2007-05-01,NORTE DE SANTANDER,9
2007-05-01,PUTUMAYO,2
2007-05-01,TOLIMA,16
2007-05-01,VALLE DEL CAUCA,19
2007-06-01,ANTIOQUIA,23
2007-06-01,ARAUCA,1
2007-06-01,BOLIVAR,4
2007-06-01,CALDAS,1
2007-06-01,CAQUETA,14
2007-06-01,CAUCA,2
2007-06-01,CORDOBA,1
2007-06-01,GUAVIARE,1
2007-06-01,HUILA,1
2007-06-01,META,3
2007-06-01,NARIÑO,8
2007-06-01,NORTE DE SANTANDER,9
2007-06-01,PUTUMAYO,1
2007-06-01,SANTANDER,1
2007-06-01,TOLIMA,5
2007-07-01,ANTIOQUIA,9
2007-07-01,ARAUCA,6
2007-07-01,BOLIVAR,7
2007-07-01,BOYACA,1
2007-07-01,CAQUETA,5
2007-07-01,HUILA,3
2007-07-01,META,10
2007-07-01,NARIÑO,16
2007-07-01,NORTE DE SANTANDER,2
2007-07-01,QUINDIO,3
2007-07-01,TOLIMA,8
2007-08-01,ANTIOQUIA,14
2007-08-01,ARAUCA,13
2007-08-01,BOLIVAR,10
2007-08-01,CALDAS,1
2007-08-01,CASANARE,1
2007-08-01,CAUCA,3
2007-08-01,CHOCO,1
2007-08-01,CORDOBA,1
2007-08-01,GUAVIARE,1
2007-08-01,HUILA,1
2007-08-01,META,1
2007-08-01,NARIÑO,28
2007-08-01,NORTE DE SANTANDER,6
2007-08-01,PUTUMAYO,3
2007-08-01,TOLIMA,4
2007-09-01,ANTIOQUIA,8
2007-09-01,ARAUCA,14
2007-09-01,BOLIVAR,1
2007-09-01,CALDAS,2
2007-09-01,CAQUETA,7
2007-09-01,CASANARE,2
2007-09-01,CAUCA,1
2007-09-01,CHOCO,1
2007-09-01,CORDOBA,1
2007-09-01,GUAVIARE,1
2007-09-01,META,19
2007-09-01,NARIÑO,6
2007-09-01,NORTE DE SANTANDER,7
2007-09-01,PUTUMAYO,1
2007-09-01,VALLE DEL CAUCA,3
2007-10-01,ANTIOQUIA,14
2007-10-01,ARAUCA,20
2007-10-01,CALDAS,1
2007-10-01,CAQUETA,5
2007-10-01,CAUCA,3
2007-10-01,CORDOBA,3
2007-10-01,GUAVIARE,1
2007-10-01,HUILA,2
2007-10-01,LA GUAJIRA,1
2007-10-01,META,4
2007-10-01,NARIÑO,6
2007-10-01,NORTE DE SANTANDER,6
2007-10-01,PUTUMAYO,12
2007-10-01,TOLIMA,4
2007-10-01,VALLE DEL CAUCA,1
2007-10-01,VAUPES,1
2007-11-01,ANTIOQUIA,7
2007-11-01,ARAUCA,7
2007-11-01,CAQUETA,2
2007-11-01,CAUCA,3
2007-11-01,CESAR,1
2007-11-01,META,8
2007-11-01,NARIÑO,8
2007-11-01,NORTE DE SANTANDER,7
2007-11-01,PUTUMAYO,4
2007-11-01,TOLIMA,12
2007-12-01,ANTIOQUIA,9
2007-12-01,ARAUCA,1
2007-12-01,BOLIVAR,4
2007-12-01,CALDAS,1
2007-12-01,CAQUETA,3
2007-12-01,CAUCA,5
2007-12-01,CORDOBA,2
2007-12-01,HUILA,1
2007-12-01,META,2
2007-12-01,NARIÑO,3
2007-12-01,NORTE DE SANTANDER,4
2007-12-01,SANTANDER,1
2007-12-01,TOLIMA,1
2007-12-01,VALLE DEL CAUCA,2
2008-01-01,ANTIOQUIA,21
2008-01-01,ARAUCA,7
2008-01-01,BOLIVAR,2
2008-01-01,CALDAS,1
2008-01-01,CAQUETA,1
2008-01-01,CAUCA,3
2008-01-01,CHOCO,1
2008-01-01,CORDOBA,4
2008-01-01,GUAVIARE,1
2008-01-01,META,3
2008-01-01,NARIÑO,6
2008-01-01,NORTE DE SANTANDER,5
2008-01-01,TOLIMA,1
2008-01-01,VALLE DEL CAUCA,5
2008-02-01,ANTIOQUIA,29
2008-02-01,ARAUCA,6
2008-02-01,BOLIVAR,1
2008-02-01,CALDAS,1
2008-02-01,CAQUETA,10
2008-02-01,CAUCA,1
2008-02-01,CORDOBA,12
2008-02-01,GUAVIARE,5
2008-02-01,HUILA,4
2008-02-01,META,19
2008-02-01,NARIÑO,12
2008-02-01,NORTE DE SANTANDER,18
2008-02-01,PUTUMAYO,6
2008-02-01,SANTANDER,2
2008-02-01,TOLIMA,10
2008-02-01,VALLE DEL CAUCA,3
2008-02-01,VICHADA,4
2008-03-01,ANTIOQUIA,15
2008-03-01,BOLIVAR,4
2008-03-01,CAQUETA,4
2008-03-01,CAUCA,3
2008-03-01,CHOCO,4
2008-03-01,CORDOBA,3
2008-03-01,HUILA,9
2008-03-01,META,23
2008-03-01,NARIÑO,7
2008-03-01,NORTE DE SANTANDER,4
2008-03-01,TOLIMA,1
2008-03-01,VALLE DEL CAUCA,3
2008-04-01,ANTIOQUIA,3
2008-04-01,ARAUCA,4
2008-04-01,BOLIVAR,1
2008-04-01,CALDAS,1
2008-04-01,CHOCO,2
2008-04-01,CORDOBA,1
2008-04-01,HUILA,4
2008-04-01,META,18
2008-04-01,NARIÑO,11
2008-04-01,NORTE DE SANTANDER,2
2008-04-01,PUTUMAYO,2
2008-04-01,TOLIMA,2
2008-05-01,ANTIOQUIA,5
2008-05-01,ARAUCA,7
2008-05-01,CAUCA,8
2008-05-01,CESAR,1
2008-05-01,CHOCO,1
2008-05-01,GUAVIARE,1
2008-05-01,HUILA,1
2008-05-01,META,3
2008-05-01,NARIÑO,8
2008-05-01,NORTE DE SANTANDER,7
2008-05-01,PUTUMAYO,8
2008-05-01,TOLIMA,2
2008-05-01,VALLE DEL CAUCA,6
2008-06-01,ANTIOQUIA,34
2008-06-01,ARAUCA,3
2008-06-01,BOLIVAR,5
2008-06-01,CAQUETA,2
2008-06-01,GUAVIARE,1
2008-06-01,META,12
2008-06-01,NARIÑO,7
2008-06-01,NORTE DE SANTANDER,1
2008-06-01,PUTUMAYO,1
2008-06-01,QUINDIO,2
2008-06-01,SUCRE,3
2008-06-01,TOLIMA,6
2008-06-01,VALLE DEL CAUCA,2
2008-07-01,ANTIOQUIA,10
2008-07-01,ARAUCA,1
2008-07-01,BOGOTA DC,2
2008-07-01,BOLIVAR,5
2008-07-01,CAQUETA,5
2008-07-01,CAUCA,1
2008-07-01,CESAR,2
2008-07-01,CHOCO,1
2008-07-01,CORDOBA,8
2008-07-01,LA GUAJIRA,4
2008-07-01,META,2
2008-07-01,NARIÑO,6
2008-07-01,NORTE DE SANTANDER,2
2008-07-01,PUTUMAYO,15
2008-07-01,VALLE DEL CAUCA,1
2008-08-01,ANTIOQUIA,15
2008-08-01,ARAUCA,5
2008-08-01,BOLIVAR,3
2008-08-01,CAUCA,2
2008-08-01,CORDOBA,3
2008-08-01,GUAVIARE,4
2008-08-01,HUILA,3
2008-08-01,META,7
2008-08-01,NARIÑO,10
2008-08-01,NORTE DE SANTANDER,9
2008-08-01,PUTUMAYO,12
2008-08-01,TOLIMA,3
2008-08-01,VALLE DEL CAUCA,5
2008-09-01,ANTIOQUIA,8
2008-09-01,BOLIVAR,1
2008-09-01,CAQUETA,10
2008-09-01,CASANARE,1
2008-09-01,CAUCA,2
2008-09-01,CORDOBA,3
2008-09-01,GUAVIARE,6
2008-09-01,META,10
2008-09-01,NARIÑO,2
2008-09-01,NORTE DE SANTANDER,2
2008-09-01,PUTUMAYO,11
2008-09-01,TOLIMA,2
2008-09-01,VALLE DEL CAUCA,1
2008-10-01,ANTIOQUIA,10
2008-10-01,ARAUCA,3
2008-10-01,BOGOTA DC,2
2008-10-01,BOLIVAR,2
2008-10-01,CAQUETA,17
2008-10-01,CAUCA,1
2008-10-01,CORDOBA,8
2008-10-01,GUAVIARE,2
2008-10-01,META,22
2008-10-01,NARIÑO,4
2008-10-01,NORTE DE SANTANDER,7
2008-10-01,PUTUMAYO,2
2008-10-01,TOLIMA,1
2008-11-01,ANTIOQUIA,8
2008-11-01,ARAUCA,2
2008-11-01,CAQUETA,3
2008-11-01,CORDOBA,7
2008-11-01,META,13
2008-11-01,NARIÑO,8
2008-11-01,NORTE DE SANTANDER,4
2008-11-01,PUTUMAYO,3
2008-11-01,TOLIMA,1
2008-11-01,VALLE DEL CAUCA,1
2008-12-01,ANTIOQUIA,13
2008-12-01,ARAUCA,2
2008-12-01,BOLIVAR,2
2008-12-01,CAQUETA,5
2008-12-01,CAUCA,2
2008-12-01,CORDOBA,4
2008-12-01,CUNDINAMARCA,1
2008-12-01,HUILA,8
2008-12-01,META,3
2008-12-01,NORTE DE SANTANDER,1
2008-12-01,PUTUMAYO,1
2008-12-01,SUCRE,1
2009-01-01,ANTIOQUIA,6
2009-01-01,ARAUCA,9
2009-01-01,BOLIVAR,2
2009-01-01,CALDAS,1
2009-01-01,CAQUETA,3
2009-01-01,CAUCA,2
2009-01-01,GUAVIARE,17
2009-01-01,HUILA,1
2009-01-01,META,6
2009-01-01,NARIÑO,5
2009-01-01,NORTE DE SANTANDER,3
2009-01-01,VALLE DEL CAUCA,1
2009-02-01,ANTIOQUIA,8
2009-02-01,ARAUCA,6
2009-02-01,CAQUETA,9
2009-02-01,CAUCA,1
2009-02-01,CESAR,1
2009-02-01,HUILA,1
2009-02-01,META,8
2009-02-01,NARIÑO,7
2009-02-01,NORTE DE SANTANDER,8
2009-02-01,SANTANDER,1
2009-02-01,TOLIMA,4
2009-02-01,VALLE DEL CAUCA,1
2009-03-01,ANTIOQUIA,32
2009-03-01,ARAUCA,7
2009-03-01,CAQUETA,7
2009-03-01,CASANARE,1
2009-03-01,CAUCA,1
2009-03-01,CHOCO,1
2009-03-01,CORDOBA,1
2009-03-01,GUAVIARE,1
2009-03-01,HUILA,2
2009-03-01,LA GUAJIRA,1
2009-03-01,META,20
2009-03-01,NARIÑO,8
2009-03-01,NORTE DE SANTANDER,6
2009-03-01,PUTUMAYO,5
2009-03-01,TOLIMA,1
2009-03-01,VALLE DEL CAUCA,2
2009-04-01,ANTIOQUIA,26
2009-04-01,ARAUCA,8
2009-04-01,BOLIVAR,1
2009-04-01,CAQUETA,9
2009-04-01,CAUCA,2
2009-04-01,CORDOBA,1
2009-04-01,GUAVIARE,13
2009-04-01,HUILA,1
2009-04-01,LA GUAJIRA,1
2009-04-01,META,11
2009-04-01,NARIÑO,15
2009-04-01,NORTE DE SANTANDER,3
2009-04-01,TOLIMA,3
2009-04-01,VALLE DEL CAUCA,2
2009-05-01,ANTIOQUIA,15
2009-05-01,ARAUCA,5
2009-05-01,CAQUETA,5
2009-05-01,CORDOBA,1
2009-05-01,GUAVIARE,2
2009-05-01,META,7
2009-05-01,NARIÑO,5
2009-05-01,NORTE DE SANTANDER,15
2009-05-01,TOLIMA,1
2009-05-01,VALLE DEL CAUCA,2
2009-05-01,VAUPES,5
2009-06-01,ANTIOQUIA,15
2009-06-01,ARAUCA,10
2009-06-01,BOGOTA DC,1
2009-06-01,BOLIVAR,1
2009-06-01,CALDAS,1
2009-06-01,CAQUETA,1
2009-06-01,CAUCA,3
2009-06-01,CORDOBA,6
2009-06-01,HUILA,1
2009-06-01,LA GUAJIRA,4
2009-06-01,META,9
2009-06-01,NARIÑO,17
2009-06-01,NORTE DE SANTANDER,4
2009-06-01,PUTUMAYO,2
2009-06-01,TOLIMA,3
2009-06-01,VALLE DEL CAUCA,2
2009-07-01,ANTIOQUIA,28
2009-07-01,ARAUCA,1
2009-07-01,BOGOTA DC,1
2009-07-01,CAQUETA,3
2009-07-01,CAUCA,1
2009-07-01,CORDOBA,2
2009-07-01,GUAVIARE,1
2009-07-01,LA GUAJIRA,1
2009-07-01,META,6
2009-07-01,NARIÑO,5
2009-07-01,NORTE DE SANTANDER,3
2009-07-01,SANTANDER,1
2009-07-01,VALLE DEL CAUCA,2
2009-08-01,ANTIOQUIA,14
2009-08-01,BOLIVAR,6
2009-08-01,CAQUETA,3
2009-08-01,CAUCA,12
2009-08-01,CORDOBA,1
2009-08-01,CUNDINAMARCA,1
2009-08-01,GUAVIARE,4
2009-08-01,HUILA,1
2009-08-01,META,5
2009-08-01,NARIÑO,8
2009-08-01,PUTUMAYO,2
2009-08-01,VALLE DEL CAUCA,4
2009-09-01,ANTIOQUIA,17
2009-09-01,ARAUCA,2
2009-09-01,BOLIVAR,4
2009-09-01,CAQUETA,13
2009-09-01,CAUCA,3
2009-09-01,CORDOBA,1
2009-09-01,GUAVIARE,2
2009-09-01,HUILA,1
2009-09-01,META,8
2009-09-01,NARIÑO,4
2009-09-01,NORTE DE SANTANDER,18
2009-09-01,TOLIMA,2
2009-09-01,VALLE DEL CAUCA,1
2009-10-01,ANTIOQUIA,7
2009-10-01,ARAUCA,5
2009-10-01,BOGOTA DC,1
2009-10-01,CAQUETA,11
2009-10-01,CORDOBA,4
2009-10-01,GUAVIARE,9
2009-10-01,HUILA,1
2009-10-01,META,2
2009-10-01,NARIÑO,2
2009-10-01,NORTE DE SANTANDER,4
2009-10-01,TOLIMA,1
2009-11-01,ANTIOQUIA,13
2009-11-01,ARAUCA,2
2009-11-01,CAQUETA,4
2009-11-01,CAUCA,1
2009-11-01,CORDOBA,5
2009-11-01,GUAVIARE,1
2009-11-01,HUILA,3
2009-11-01,META,1
2009-11-01,NARIÑO,1
2009-11-01,PUTUMAYO,1
2009-11-01,TOLIMA,6
2009-12-01,ANTIOQUIA,1
2009-12-01,ARAUCA,6
2009-12-01,CAQUETA,18
2009-12-01,CAUCA,2
2009-12-01,HUILA,1
2009-12-01,META,1
2009-12-01,NARIÑO,10
2009-12-01,NORTE DE SANTANDER,6
2009-12-01,TOLIMA,3
2010-01-01,ANTIOQUIA,4
2010-01-01,ARAUCA,8
2010-01-01,BOLIVAR,2
2010-01-01,CAQUETA,3
2010-01-01,CAUCA,4
2010-01-01,CHOCO,3
2010-01-01,CORDOBA,2
2010-01-01,GUAVIARE,1
2010-01-01,HUILA,3
2010-01-01,META,7
2010-01-01,NARIÑO,10
2010-01-01,NORTE DE SANTANDER,4
2010-01-01,TOLIMA,1
2010-01-01,VAUPES,1
2010-02-01,ANTIOQUIA,4
2010-02-01,ARAUCA,1
2010-02-01,BOLIVAR,1
2010-02-01,CAQUETA,3
2010-02-01,CAUCA,1
2010-02-01,CORDOBA,3
2010-02-01,GUAVIARE,5
2010-02-01,HUILA,2
2010-02-01,META,1
2010-02-01,NARIÑO,3
2010-02-01,NORTE DE SANTANDER,3
2010-02-01,PUTUMAYO,1
2010-02-01,TOLIMA,2
2010-03-01,ANTIOQUIA,26
2010-03-01,ARAUCA,4
2010-03-01,BOLIVAR,1
2010-03-01,CAQUETA,5
2010-03-01,CASANARE,2
2010-03-01,CORDOBA,1
2010-03-01,GUAVIARE,4
2010-03-01,HUILA,2
2010-03-01,META,1
2010-03-01,NARIÑO,7
2010-03-01,NORTE DE SANTANDER,5
2010-03-01,VALLE DEL CAUCA,2
2010-03-01,VAUPES,1
2010-04-01,ANTIOQUIA,12
2010-04-01,ARAUCA,5
2010-04-01,BOLIVAR,1
2010-04-01,CAQUETA,10
2010-04-01,CAUCA,8
2010-04-01,CORDOBA,6
2010-04-01,META,76
2010-04-01,NARIÑO,7
2010-04-01,NORTE DE SANTANDER,10
2010-04-01,PUTUMAYO,4
2010-04-01,VALLE DEL CAUCA,9
2010-05-01,ANTIOQUIA,16
2010-05-01,ARAUCA,2
2010-05-01,CAQUETA,5
2010-05-01,CAUCA,9
2010-05-01,CHOCO,3
2010-05-01,CORDOBA,1
2010-05-01,HUILA,4
2010-05-01,META,1
2010-05-01,NARIÑO,4
2010-05-01,NORTE DE SANTANDER,2
2010-05-01,PUTUMAYO,1
2010-05-01,VALLE DEL CAUCA,1
2010-05-01,VICHADA,1
2010-06-01,ANTIOQUIA,20
2010-06-01,ARAUCA,1
2010-06-01,CAQUETA,5
2010-06-01,CAUCA,2
2010-06-01,CORDOBA,2
2010-06-01,GUAVIARE,2
2010-06-01,HUILA,1
2010-06-01,META,3
2010-06-01,NARIÑO,3
2010-06-01,NORTE DE SANTANDER,7
2010-06-01,TOLIMA,2
2010-06-01,VALLE DEL CAUCA,4
2010-07-01,ANTIOQUIA,15
2010-07-01,ARAUCA,3
2010-07-01,CAQUETA,1
2010-07-01,CAUCA,1
2010-07-01,HUILA,2
2010-07-01,META,1
2010-07-01,NARIÑO,5
2010-07-01,PUTUMAYO,4
2010-07-01,TOLIMA,5
2010-07-01,VALLE DEL CAUCA,2
2010-08-01,ANTIOQUIA,13
2010-08-01,ARAUCA,2
2010-08-01,CAQUETA,3
2010-08-01,CAUCA,4
2010-08-01,CORDOBA,4
2010-08-01,HUILA,2
2010-08-01,META,9
2010-08-01,NARIÑO,2
2010-08-01,NORTE DE SANTANDER,1
2010-08-01,PUTUMAYO,1
2010-08-01,TOLIMA,1
2010-09-01,ANTIOQUIA,15
2010-09-01,ARAUCA,1
2010-09-01,CAQUETA,3
2010-09-01,CASANARE,4
2010-09-01,CORDOBA,5
2010-09-01,HUILA,1
2010-09-01,META,4
2010-09-01,TOLIMA,2
2010-10-01,ANTIOQUIA,9
2010-10-01,ARAUCA,1
2010-10-01,BOLIVAR,12
2010-10-01,CAQUETA,19
2010-10-01,CORDOBA,12
2010-10-01,GUAVIARE,4
2010-10-01,META,5
2010-10-01,NARIÑO,15
2010-10-01,NORTE DE SANTANDER,3
2010-10-01,PUTUMAYO,1
2010-10-01,TOLIMA,1
2010-10-01,VALLE DEL CAUCA,1
2010-11-01,ANTIOQUIA,4
2010-11-01,ARAUCA,7
2010-11-01,BOLIVAR,2
2010-11-01,CAQUETA,7
2010-11-01,CORDOBA,6
2010-11-01,HUILA,3
2010-11-01,META,8
2010-11-01,NARIÑO,5
2010-11-01,NORTE DE SANTANDER,8
2010-11-01,PUTUMAYO,3
2010-11-01,SANTANDER,1
2010-11-01,TOLIMA,3
2010-11-01,VALLE DEL CAUCA,5
2010-12-01,ANTIOQUIA,8
2010-12-01,BOLIVAR,1
2010-12-01,CAQUETA,1
2010-12-01,CAUCA,1
2010-12-01,CORDOBA,1
2010-12-01,GUAVIARE,1
2010-12-01,META,1
2010-12-01,NARIÑO,2
2010-12-01,NORTE DE SANTANDER,5
2010-12-01,TOLIMA,3
2011-01-01,ANTIOQUIA,1
2011-01-01,ARAUCA,1
2011-01-01,CAQUETA,6
2011-01-01,CASANARE,4
2011-01-01,CHOCO,1
2011-01-01,CORDOBA,4
2011-01-01,GUAVIARE,2
2011-01-01,META,2
2011-01-01,NARIÑO,6
2011-01-01,PUTUMAYO,1
2011-01-01,VALLE DEL CAUCA,4
2011-01-01,VICHADA,1
2011-02-01,ANTIOQUIA,7
2011-02-01,ARAUCA,1
2011-02-01,CAQUETA,6
2011-02-01,CAUCA,4
2011-02-01,CORDOBA,12
2011-02-01,GUAVIARE,2
2011-02-01,HUILA,1
2011-02-01,META,3
2011-02-01,NARIÑO,12
2011-02-01,NORTE DE SANTANDER,1
2011-02-01,PUTUMAYO,3
2011-02-01,TOLIMA,1
2011-02-01,VALLE DEL CAUCA,3
2011-03-01,ANTIOQUIA,16
2011-03-01,ARAUCA,4
2011-03-01,CAQUETA,1
2011-03-01,CAUCA,6
2011-03-01,CORDOBA,5
2011-03-01,GUAVIARE,1
2011-03-01,HUILA,1
2011-03-01,META,13
2011-03-01,NARIÑO,6
2011-03-01,NORTE DE SANTANDER,8
2011-03-01,PUTUMAYO,4
2011-03-01,TOLIMA,1
2011-04-01,ANTIOQUIA,21
2011-04-01,ARAUCA,5
2011-04-01,CAUCA,8
2011-04-01,CUNDINAMARCA,1
2011-04-01,GUAVIARE,2
2011-04-01,LA GUAJIRA,1
2011-04-01,META,3
2011-04-01,NARIÑO,2
2011-04-01,NORTE DE SANTANDER,1
2011-04-01,PUTUMAYO,1
2011-04-01,TOLIMA,11
2011-05-01,ANTIOQUIA,3
2011-05-01,ARAUCA,2
2011-05-01,CAQUETA,5
2011-05-01,CAUCA,4
2011-05-01,CHOCO,2
2011-05-01,CORDOBA,4
2011-05-01,GUAVIARE,3
2011-05-01,HUILA,2
2011-05-01,META,3
2011-05-01,NARIÑO,5
2011-05-01,NORTE DE SANTANDER,4
2011-05-01,PUTUMAYO,1
2011-05-01,TOLIMA,1
2011-06-01,ANTIOQUIA,4
2011-06-01,BOLIVAR,1
2011-06-01,CAQUETA,2
2011-06-01,CASANARE,3
2011-06-01,CAUCA,5
2011-06-01,CORDOBA,9
2011-06-01,META,5
2011-06-01,NARIÑO,14
2011-06-01,NORTE DE SANTANDER,12
2011-06-01,PUTUMAYO,2
2011-06-01,TOLIMA,3
2011-06-01,VALLE DEL CAUCA,4
2011-07-01,ANTIOQUIA,8
2011-07-01,ARAUCA,5
2011-07-01,BOLIVAR,3
2011-07-01,CAUCA,2
2011-07-01,CORDOBA,4
2011-07-01,HUILA,3
2011-07-01,META,9
2011-07-01,NARIÑO,3
2011-07-01,NORTE DE SANTANDER,1
2011-07-01,PUTUMAYO,6
2011-07-01,TOLIMA,5
2011-08-01,ANTIOQUIA,8
2011-08-01,CAQUETA,9
2011-08-01,CAUCA,4
2011-08-01,CORDOBA,2
2011-08-01,HUILA,1
2011-08-01,META,2
2011-08-01,NARIÑO,3
2011-08-01,NORTE DE SANTANDER,6
2011-08-01,PUTUMAYO,8
2011-08-01,TOLIMA,8
2011-08-01,VALLE DEL CAUCA,1
2011-09-01,ANTIOQUIA,10
2011-09-01,ARAUCA,3
2011-09-01,CAQUETA,5
2011-09-01,CORDOBA,1
2011-09-01,NARIÑO,5
2011-09-01,NORTE DE SANTANDER,1
2011-09-01,PUTUMAYO,2
2011-09-01,TOLIMA,7
2011-10-01,ANTIOQUIA,3
2011-10-01,BOLIVAR,1
2011-10-01,CAQUETA,1
2011-10-01,CAUCA,1
2011-10-01,CHOCO,1
2011-10-01,CORDOBA,1
2011-10-01,HUILA,1
2011-10-01,NARIÑO,12
2011-10-01,NORTE DE SANTANDER,1
2011-10-01,PUTUMAYO,1
2011-10-01,TOLIMA,7
2011-10-01,VALLE DEL CAUCA,1
2011-11-01,ANTIOQUIA,12
2011-11-01,CAUCA,1
2011-11-01,CESAR,1
2011-11-01,GUAVIARE,1
2011-11-01,HUILA,7
2011-11-01,META,3
2011-11-01,NARIÑO,7
2011-11-01,PUTUMAYO,1
2011-11-01,TOLIMA,7
2011-12-01,ANTIOQUIA,10
2011-12-01,CAQUETA,1
2011-12-01,CASANARE,1
2011-12-01,CAUCA,3
2011-12-01,CORDOBA,3
2011-12-01,HUILA,4
2011-12-01,META,3
2011-12-01,NARIÑO,3
2011-12-01,NORTE DE SANTANDER,5
2011-12-01,TOLIMA,9
2011-12-01,VALLE DEL CAUCA,2
2012-01-01,ANTIOQUIA,10
2012-01-01,ARAUCA,1
2012-01-01,CAQUETA,1
2012-01-01,CAUCA,1
2012-01-01,GUAVIARE,1
2012-01-01,HUILA,3
2012-01-01,META,3
2012-01-01,NARIÑO,7
2012-01-01,NORTE DE SANTANDER,1
2012-01-01,PUTUMAYO,1
2012-01-01,TOLIMA,1
2012-01-01,VALLE DEL CAUCA,2
2012-02-01,ANTIOQUIA,8
2012-02-01,ARAUCA,6
2012-02-01,BOLIVAR,1
2012-02-01,CAQUETA,3
2012-02-01,CAUCA,20
2012-02-01,CHOCO,4
2012-02-01,CORDOBA,3
2012-02-01,HUILA,5
2012-02-01,NARIÑO,12
2012-02-01,NORTE DE SANTANDER,1
2012-02-01,PUTUMAYO,12
2012-02-01,TOLIMA,3
2012-02-01,VALLE DEL CAUCA,9
2012-03-01,ANTIOQUIA,9
2012-03-01,ARAUCA,3
2012-03-01,CAQUETA,8
2012-03-01,CHOCO,4
2012-03-01,CORDOBA,9
2012-03-01,GUAVIARE,1
2012-03-01,HUILA,3
2012-03-01,LA GUAJIRA,2
2012-03-01,META,3
2012-03-01,NARIÑO,4
2012-03-01,NORTE DE SANTANDER,2
2012-03-01,PUTUMAYO,4
2012-03-01,TOLIMA,3
2012-04-01,ANTIOQUIA,20
2012-04-01,ARAUCA,7
2012-04-01,CAQUETA,3
2012-04-01,CAUCA,3
2012-04-01,CORDOBA,1
2012-04-01,HUILA,2
2012-04-01,META,4
2012-04-01,NARIÑO,2
2012-04-01,NORTE DE SANTANDER,5
2012-04-01,PUTUMAYO,5
2012-04-01,TOLIMA,8
2012-04-01,VALLE DEL CAUCA,2
2012-05-01,ANTIOQUIA,5
2012-05-01,ARAUCA,2
2012-05-01,CAQUETA,6
2012-05-01,CAUCA,5
2012-05-01,CORDOBA,3
2012-05-01,META,4
2012-05-01,NARIÑO,4
2012-05-01,NORTE DE SANTANDER,4
2012-05-01,PUTUMAYO,6
2012-05-01,TOLIMA,1
2012-05-01,VALLE DEL CAUCA,3
2012-06-01,ANTIOQUIA,9
2012-06-01,CAQUETA,1
2012-06-01,CAUCA,1
2012-06-01,CHOCO,2
2012-06-01,CORDOBA,1
2012-06-01,GUAVIARE,2
2012-06-01,HUILA,4
2012-06-01,META,4
2012-06-01,NARIÑO,33
2012-06-01,NORTE DE SANTANDER,2
2012-06-01,PUTUMAYO,2
2012-06-01,TOLIMA,4
2012-06-01,VALLE DEL CAUCA,1
2012-07-01,ANTIOQUIA,6
2012-07-01,CAQUETA,3
2012-07-01,CAUCA,2
2012-07-01,CHOCO,1
2012-07-01,GUAVIARE,2
2012-07-01,HUILA,5
2012-07-01,META,2
2012-07-01,NORTE DE SANTANDER,3
2012-07-01,PUTUMAYO,11
2012-07-01,TOLIMA,2
2012-07-01,VALLE DEL CAUCA,2
2012-08-01,ANTIOQUIA,6
2012-08-01,ARAUCA,1
2012-08-01,CAQUETA,5
2012-08-01,CHOCO,3
2012-08-01,HUILA,4
2012-08-01,META,1
2012-08-01,NARIÑO,12
2012-08-01,NORTE DE SANTANDER,3
2012-08-01,PUTUMAYO,4
2012-08-01,TOLIMA,3
2012-08-01,VICHADA,1
2012-09-01,ANTIOQUIA,10
2012-09-01,CAQUETA,4
2012-09-01,CAUCA,2
2012-09-01,HUILA,3
2012-09-01,META,4
2012-09-01,NARIÑO,4
2012-09-01,NORTE DE SANTANDER,1
2012-09-01,PUTUMAYO,14
2012-09-01,TOLIMA,9
2012-10-01,ANTIOQUIA,7
2012-10-01,CAQUETA,1
2012-10-01,CORDOBA,1
2012-10-01,HUILA,6
2012-10-01,NARIÑO,1
2012-10-01,NORTE DE SANTANDER,14
2012-10-01,PUTUMAYO,6
2012-10-01,TOLIMA,2
2012-10-01,VALLE DEL CAUCA,2
2012-11-01,ANTIOQUIA,10
2012-11-01,ARAUCA,2
2012-11-01,CAUCA,2
2012-11-01,CHOCO,1
2012-11-01,CORDOBA,2
2012-11-01,META,2
2012-11-01,NARIÑO,11
2012-11-01,NORTE DE SANTANDER,5
2012-11-01,PUTUMAYO,8
2012-11-01,TOLIMA,3
2012-11-01,VALLE DEL CAUCA,2
2012-12-01,ANTIOQUIA,3
2012-12-01,ARAUCA,1
2012-12-01,BOLIVAR,2
2012-12-01,CAQUETA,4
2012-12-01,CHOCO,1
2012-12-01,META,2
2012-12-01,NARIÑO,3
2012-12-01,NORTE DE SANTANDER,1
2012-12-01,PUTUMAYO,2
2012-12-01,TOLIMA,2
2012-12-01,VALLE DEL CAUCA,2
2013-01-01,ANTIOQUIA,14
2013-01-01,ARAUCA,3
2013-01-01,CAQUETA,8
2013-01-01,CASANARE,1
2013-01-01,CAUCA,1
2013-01-01,HUILA,1
2013-01-01,META,1
2013-01-01,NARIÑO,3
2013-01-01,NORTE DE SANTANDER,2
2013-01-01,PUTUMAYO,12
2013-01-01,SANTANDER,1
2013-01-01,TOLIMA,4
2013-02-01,ANTIOQUIA,24
2013-02-01,ARAUCA,6
2013-02-01,BOGOTA DC,1
2013-02-01,CAQUETA,5
2013-02-01,CAUCA,1
2013-02-01,CHOCO,1
2013-02-01,CORDOBA,1
2013-02-01,GUAVIARE,1
2013-02-01,HUILA,1
2013-02-01,META,3
2013-02-01,NARIÑO,2
2013-02-01,NORTE DE SANTANDER,8
2013-02-01,PUTUMAYO,6
2013-02-01,VALLE DEL CAUCA,3
2013-03-01,ANTIOQUIA,2
2013-03-01,ARAUCA,6
2013-03-01,CAQUETA,1
2013-03-01,CAUCA,3
2013-03-01,CHOCO,6
2013-03-01,CORDOBA,4
2013-03-01,META,1
2013-03-01,NARIÑO,6
2013-03-01,NORTE DE SANTANDER,3
2013-03-01,PUTUMAYO,7
2013-03-01,VALLE DEL CAUCA,1
2013-04-01,ANTIOQUIA,8
2013-04-01,ARAUCA,2
2013-04-01,CAQUETA,1
2013-04-01,CASANARE,1
2013-04-01,CHOCO,1
2013-04-01,HUILA,1
2013-04-01,MAGDALENA,4
2013-04-01,META,1
2013-04-01,NARIÑO,4
2013-04-01,NORTE DE SANTANDER,1
2013-04-01,PUTUMAYO,3
2013-05-01,ANTIOQUIA,5
2013-05-01,BOYACA,1
2013-05-01,CAQUETA,6
2013-05-01,CAUCA,1
2013-05-01,CORDOBA,5
2013-05-01,NARIÑO,29
2013-05-01,NORTE DE SANTANDER,6
2013-05-01,PUTUMAYO,6
2013-06-01,ANTIOQUIA,14
2013-06-01,ARAUCA,2
2013-06-01,CAQUETA,6
2013-06-01,CASANARE,1
2013-06-01,CHOCO,1
2013-06-01,CORDOBA,3
2013-06-01,META,2
2013-06-01,NARIÑO,10
2013-06-01,NORTE DE SANTANDER,5
2013-06-01,TOLIMA,1
2013-07-01,ANTIOQUIA,6
2013-07-01,CAQUETA,7
2013-07-01,CAUCA,2
2013-07-01,CORDOBA,1
2013-07-01,META,2
2013-07-01,NARIÑO,13
2013-07-01,PUTUMAYO,3
2013-07-01,SUCRE,1
2013-07-01,TOLIMA,1
2013-07-01,VAUPES,1
2013-08-01,ANTIOQUIA,2
2013-08-01,BOLIVAR,1
2013-08-01,CAQUETA,3
2013-08-01,CAUCA,6
2013-08-01,CORDOBA,1
2013-08-01,HUILA,2
2013-08-01,META,2
2013-08-01,NARIÑO,4
2013-08-01,TOLIMA,1
2013-09-01,ANTIOQUIA,7
2013-09-01,ARAUCA,1
2013-09-01,CAQUETA,4
2013-09-01,CAUCA,5
2013-09-01,CORDOBA,2
2013-09-01,META,1
2013-09-01,NARIÑO,4
2013-09-01,PUTUMAYO,1
2013-09-01,VALLE DEL CAUCA,1
2013-10-01,ANTIOQUIA,7
2013-10-01,BOYACA,1
2013-10-01,CAQUETA,3
2013-10-01,CAUCA,3
2013-10-01,LA GUAJIRA,3
2013-10-01,META,5
2013-10-01,NORTE DE SANTANDER,2
2013-10-01,TOLIMA,1
2013-11-01,ANTIOQUIA,4
2013-11-01,ARAUCA,1
2013-11-01,CAQUETA,4
2013-11-01,CAUCA,3
2013-11-01,CORDOBA,2
2013-11-01,LA GUAJIRA,1
2013-11-01,NARIÑO,2
2013-11-01,NORTE DE SANTANDER,2
2013-11-01,VICHADA,4
2013-12-01,ANTIOQUIA,3
2013-12-01,ARAUCA,2
2013-12-01,CAQUETA,2
2013-12-01,CHOCO,1
2013-12-01,VALLE DEL CAUCA,1
2014-01-01,ANTIOQUIA,5
2014-01-01,ARAUCA,2
2014-01-01,CAQUETA,7
2014-01-01,META,2
2014-01-01,NARIÑO,4
2014-01-01,NORTE DE SANTANDER,1
2014-01-01,PUTUMAYO,1
2014-02-01,ANTIOQUIA,1
2014-02-01,BOYACA,1
2014-02-01,CAQUETA,9
2014-02-01,META,2
2014-02-01,NARIÑO,2
2014-02-01,NORTE DE SANTANDER,3
2014-02-01,PUTUMAYO,1
2014-02-01,VALLE DEL CAUCA,1
2014-03-01,AMAZONAS,4
2014-03-01,ANTIOQUIA,7
2014-03-01,ARAUCA,4
2014-03-01,CAQUETA,8
2014-03-01,CAUCA,7
2014-03-01,CHOCO,4
2014-03-01,CORDOBA,1
2014-03-01,NARIÑO,2
2014-03-01,NORTE DE SANTANDER,3
2014-03-01,VALLE DEL CAUCA,2
2014-04-01,ANTIOQUIA,5
2014-04-01,ARAUCA,5
2014-04-01,BOLIVAR,3
2014-04-01,BOYACA,1
2014-04-01,CAQUETA,6
2014-04-01,CAUCA,1
2014-04-01,CHOCO,2
2014-04-01,HUILA,1
2014-04-01,NORTE DE SANTANDER,5
2014-04-01,TOLIMA,1
2014-05-01,ANTIOQUIA,6
2014-05-01,ARAUCA,7
2014-05-01,CAQUETA,2
2014-05-01,CHOCO,2
2014-05-01,META,1
2014-05-01,NARIÑO,6
2014-05-01,NORTE DE SANTANDER,1
2014-05-01,PUTUMAYO,32
2014-05-01,TOLIMA,1
2014-05-01,VALLE DEL CAUCA,2
2014-06-01,ANTIOQUIA,4
2014-06-01,BOYACA,1
2014-06-01,CHOCO,2
2014-06-01,HUILA,2
2014-06-01,META,1
2014-06-01,NARIÑO,4
2014-06-01,PUTUMAYO,1
2014-06-01,VALLE DEL CAUCA,1
2014-07-01,ANTIOQUIA,4
2014-07-01,ARAUCA,5
2014-07-01,CAQUETA,2
2014-07-01,CORDOBA,1
2014-07-01,META,2
2014-07-01,NARIÑO,5
2014-08-01,ANTIOQUIA,5
2014-08-01,ARAUCA,3
2014-08-01,CAQUETA,1
2014-08-01,CAUCA,1
2014-08-01,CHOCO,4
2014-08-01,CORDOBA,1
2014-08-01,NARIÑO,1
2014-08-01,NORTE DE SANTANDER,1
2014-09-01,ANTIOQUIA,1
2014-09-01,CAQUETA,2
2014-09-01,CAUCA,2
2014-09-01,CHOCO,1
2014-09-01,CORDOBA,1
2014-09-01,META,1
2014-09-01,NARIÑO,1
2014-09-01,NORTE DE SANTANDER,2
2014-09-01,PUTUMAYO,2
2014-09-01,TOLIMA,2
2014-10-01,ANTIOQUIA,11
2014-10-01,ARAUCA,1
2014-10-01,BOGOTA DC,1
2014-10-01,CAQUETA,3
2014-10-01,CHOCO,1
2014-10-01,NARIÑO,1
2014-10-01,PUTUMAYO,1
2014-10-01,TOLIMA,1
2014-11-01,ANTIOQUIA,5
2014-11-01,ARAUCA,1
2014-11-01,CAQUETA,1
2014-11-01,CAUCA,3
2014-11-01,META,4
2014-11-01,NARIÑO,7
2014-12-01,ANTIOQUIA,2
2014-12-01,CAQUETA,4
2014-12-01,CAUCA,1
2014-12-01,HUILA,2
2014-12-01,META,2
2015-01-01,ANTIOQUIA,4
2015-01-01,BOLIVAR,1
2015-01-01,CAQUETA,3
2015-01-01,CAUCA,6
2015-01-01,CHOCO,2
2015-01-01,GUAVIARE,6
2015-01-01,META,6
2015-01-01,NARIÑO,1
2015-01-01,PUTUMAYO,1
2015-01-01,VALLE DEL CAUCA,1
2015-02-01,ANTIOQUIA,3
2015-02-01,ARAUCA,1
2015-02-01,CAQUETA,2
2015-02-01,CORDOBA,1
2015-02-01,GUAVIARE,1
2015-02-01,NARIÑO,1
2015-02-01,PUTUMAYO,2
2015-03-01,ANTIOQUIA,6
2015-03-01,BOLIVAR,1
2015-03-01,CAQUETA,2
2015-03-01,CAUCA,5
2015-03-01,CHOCO,2
2015-03-01,CORDOBA,1
2015-03-01,HUILA,4
2015-03-01,META,4
2015-03-01,NARIÑO,6
2015-04-01,CAQUETA,3
2015-04-01,CAUCA,3
2015-04-01,HUILA,1
2015-04-01,META,2
2015-04-01,NARIÑO,1
2015-04-01,NORTE DE SANTANDER,1
2015-04-01,TOLIMA,1
2015-05-01,ANTIOQUIA,2
2015-05-01,CAQUETA,5
2015-05-01,CAUCA,4
2015-05-01,META,4
2015-05-01,NARIÑO,1
2015-05-01,NORTE DE SANTANDER,3
2015-05-01,TOLIMA,3
2015-06-01,ANTIOQUIA,1
2015-06-01,CAQUETA,3
2015-06-01,CAUCA,4
2015-06-01,META,2
2015-06-01,NARIÑO,1
2015-06-01,PUTUMAYO,2
2015-07-01,ANTIOQUIA,13
2015-07-01,ARAUCA,2
2015-07-01,CAQUETA,1
2015-07-01,CAUCA,2
2015-07-01,CHOCO,1
2015-07-01,META,7
2015-07-01,NARIÑO,2
2015-07-01,PUTUMAYO,3
2015-07-01,TOLIMA,4
2015-08-01,ANTIOQUIA,3
2015-08-01,CAQUETA,2
2015-08-01,CAUCA,3
2015-08-01,HUILA,1
2015-08-01,META,2
2015-08-01,NARIÑO,1
2015-08-01,NORTE DE SANTANDER,12
2015-08-01,PUTUMAYO,2
2015-09-01,ANTIOQUIA,1
2015-09-01,ARAUCA,1
2015-09-01,CHOCO,1
2015-09-01,META,1
2015-09-01,TOLIMA,1
2015-09-01,VALLE DEL CAUCA,1
2015-10-01,ARAUCA,2
2015-10-01,CAQUETA,1
2015-10-01,CAUCA,2
2015-10-01,CHOCO,5
2015-10-01,GUAVIARE,5
2015-10-01,NORTE DE SANTANDER,1
2015-10-01,PUTUMAYO,1
2015-11-01,CAUCA,3
2015-11-01,CHOCO,2
2015-11-01,NARIÑO,1
2015-11-01,NORTE DE SANTANDER,1
2015-11-01,PUTUMAYO,2
2015-12-01,ARAUCA,2
2015-12-01,CHOCO,4
2015-12-01,HUILA,3
2015-12-01,PUTUMAYO,1
2016-01-01,BOLIVAR,3
2016-01-01,VALLE DEL CAUCA,1
2016-02-01,ANTIOQUIA,4
2016-02-01,ARAUCA,6
2016-02-01,CAUCA,1
2016-02-01,NORTE DE SANTANDER,2
2016-03-01,ARAUCA,10
2016-03-01,BOLIVAR,1
2016-03-01,CAQUETA,1
2016-03-01,CHOCO,4
2016-03-01,CUNDINAMARCA,1
2016-04-01,ANTIOQUIA,3
2016-04-01,BOLIVAR,1
2016-04-01,CAQUETA,5
2016-04-01,CAUCA,2
2016-04-01,CHOCO,1
2016-04-01,NARIÑO,2
2016-05-01,ANTIOQUIA,3
2016-05-01,CHOCO,3
2016-06-01,ANTIOQUIA,1
2016-06-01,BOLIVAR,1
2016-06-01,CAUCA,1
2016-06-01,CHOCO,1
2016-06-01,NORTE DE SANTANDER,2
2016-07-01,ANTIOQUIA,3
2016-07-01,ARAUCA,1
2016-07-01,CHOCO,1
2016-07-01,NORTE DE SANTANDER,3
2016-08-01,PUTUMAYO,3
2016-08-01,TOLIMA,3
2016-09-01,ANTIOQUIA,1
2016-09-01,HUILA,2
2016-09-01,META,1
2016-10-01,SUCRE,1
2016-11-01,ARAUCA,1
2016-11-01,CHOCO,2
2016-11-01,GUAVIARE,1
2016-11-01,NARIÑO,2
2016-12-01,ANTIOQUIA,1
2016-12-01,CORDOBA,1
2016-12-01,GUAVIARE,1
2016-12-01,HUILA,2
2017-01-01,ANTIOQUIA,1
2017-01-01,CAQUETA,2
2017-02-01,ANTIOQUIA,2
2017-02-01,META,1
2017-02-01,NARIÑO,1
2017-03-01,CHOCO,1
2017-03-01,NARIÑO,1
2017-03-01,NORTE DE SANTANDER,2
2017-04-01,ANTIOQUIA,2
2017-04-01,BOLIVAR,1
2017-04-01,CAUCA,1
2017-05-01,BOLIVAR,1
2017-06-01,ANTIOQUIA,1
2017-06-01,GUAVIARE,2
2017-07-01,ANTIOQUIA,1
2017-07-01,CHOCO,2
2017-07-01,NARIÑO,2
2017-08-01,CAUCA,1
2017-08-01,CHOCO,3
2017-09-01,ANTIOQUIA,1
2017-09-01,ARAUCA,1
2017-09-01,BOLIVAR,3
2017-09-01,NARIÑO,2
2017-09-01,NORTE DE SANTANDER,1
2017-09-01,TOLIMA,1
2017-10-01,GUAVIARE,7
2017-10-01,NORTE DE SANTANDER,4
2017-11-01,CAQUETA,1
2017-11-01,CHOCO,1
2017-11-01,GUAVIARE,1
2017-11-01,NARIÑO,1
2017-12-01,ANTIOQUIA,1
2017-12-01,CAUCA,2
2017-12-01,NARIÑO,4
2018-01-01,CAUCA,1
2018-01-01,NORTE DE SANTANDER,1
2018-01-01,VALLE DEL CAUCA,4
2018-02-01,ANTIOQUIA,2
2018-02-01,ARAUCA,2
2018-02-01,CHOCO,1
2018-02-01,CORDOBA,1
2018-02-01,GUAVIARE,7
2018-02-01,NARIÑO,2
2018-02-01,NORTE DE SANTANDER,2
2018-03-01,ANTIOQUIA,1
2018-03-01,ARAUCA,5
2018-03-01,GUAVIARE,1
2018-03-01,NARIÑO,8
2018-03-01,SUCRE,3
2018-04-01,CESAR,1
2018-04-01,CHOCO,2
2018-04-01,NARIÑO,4
2018-04-01,NORTE DE SANTANDER,3
2018-05-01,CESAR,2
2018-05-01,GUAVIARE,1
2018-05-01,NARIÑO,10
2018-05-01,NORTE DE SANTANDER,8
2018-06-01,ANTIOQUIA,2
2018-06-01,CAUCA,1
2018-06-01,CHOCO,1
2018-06-01,GUAVIARE,2
2018-06-01,NARIÑO,5
2018-06-01,NORTE DE SANTANDER,9
2018-07-01,ANTIOQUIA,2
2018-07-01,GUAVIARE,2
2018-07-01,NARIÑO,4
2018-07-01,NORTE DE SANTANDER,6
2018-08-01,ANTIOQUIA,1
2018-08-01,ARAUCA,5
2018-08-01,CAUCA,1
2018-08-01,NARIÑO,1
2018-08-01,NORTE DE SANTANDER,6
2018-09-01,CAQUETA,1
2018-09-01,GUAVIARE,1
2018-09-01,NORTE DE SANTANDER,1
2018-10-01,ANTIOQUIA,6
2018-10-01,CHOCO,3
2018-10-01,CORDOBA,1
2018-10-01,GUAVIARE,1
2018-10-01,NARIÑO,9
2018-11-01,ANTIOQUIA,6
2018-11-01,ARAUCA,1
2018-11-01,CORDOBA,1
2018-11-01,NARIÑO,9
2018-11-01,NORTE DE SANTANDER,8
2018-12-01,NARIÑO,3
2018-12-01,NORTE DE SANTANDER,8
2019-01-01,CAUCA,1
2019-01-01,CORDOBA,1
2019-01-01,META,1
2019-01-01,NORTE DE SANTANDER,6
2019-02-01,ANTIOQUIA,2
2019-02-01,ARAUCA,1
2019-02-01,CAUCA,2
2019-02-01,NARIÑO,22
2019-02-01,NORTE DE SANTANDER,2
2019-03-01,ARAUCA,5
2019-03-01,NARIÑO,10
2019-03-01,NORTE DE SANTANDER,2
2019-04-01,ANTIOQUIA,2
2019-04-01,ARAUCA,1
2019-04-01,CHOCO,1
2019-04-01,NARIÑO,4
2019-04-01,NORTE DE SANTANDER,1
2019-05-01,ARAUCA,1
2019-05-01,NORTE DE SANTANDER,1
2019-06-01,ANTIOQUIA,1
2019-06-01,ARAUCA,1
2019-06-01,CHOCO,3
2019-06-01,NORTE DE SANTANDER,1
2019-06-01,PUTUMAYO,4
2019-07-01,BOLIVAR,4
2019-07-01,CAQUETA,2
2019-07-01,CORDOBA,2
2019-07-01,NORTE DE SANTANDER,1
2019-08-01,ANTIOQUIA,5
2019-08-01,BOLIVAR,1
2019-09-01,CAQUETA,1
2019-09-01,CAUCA,1
2019-09-01,NORTE DE SANTANDER,1
2019-10-01,CAUCA,1
2019-10-01,CHOCO,1
2019-10-01,NARIÑO,2
2019-10-01,NORTE DE SANTANDER,3
2019-11-01,ANTIOQUIA,2
2019-11-01,BOYACA,1
2019-11-01,CHOCO,6
2019-11-01,GUAVIARE,1
2019-11-01,NORTE DE SANTANDER,2
2019-12-01,CHOCO,1
2019-12-01,NORTE DE SANTANDER,3
2020-01-01,ANTIOQUIA,3
2020-01-01,CAUCA,3
2020-01-01,NARIÑO,9
2020-02-01,ANTIOQUIA,6
2020-02-01,BOLIVAR,4
2020-02-01,NARIÑO,7
2020-02-01,NORTE DE SANTANDER,2
2020-03-01,ANTIOQUIA,8
2020-03-01,NORTE DE SANTANDER,5
2020-04-01,ANTIOQUIA,1
2020-04-01,NARIÑO,2
2020-04-01,NORTE DE SANTANDER,9
2020-04-01,PUTUMAYO,1
2020-05-01,ANTIOQUIA,2
2020-05-01,NORTE DE SANTANDER,9
2020-06-01,BOLIVAR,1
2020-06-01,NARIÑO,4
2020-06-01,NORTE DE SANTANDER,3
2020-07-01,ANTIOQUIA,3
2020-07-01,META,2
2020-07-01,NARIÑO,3
2020-07-01,NORTE DE SANTANDER,1
2020-07-01,PUTUMAYO,8
2020-08-01,ANTIOQUIA,3
2020-08-01,CAUCA,2
2020-08-01,CORDOBA,2
2020-08-01,GUAVIARE,3
2020-08-01,NARIÑO,4
2020-08-01,NORTE DE SANTANDER,3
2020-08-01,PUTUMAYO,3
2020-09-01,ANTIOQUIA,1
2020-09-01,CHOCO,2
2020-09-01,GUAVIARE,1
2020-09-01,NARIÑO,9
2020-09-01,PUTUMAYO,1
2020-10-01,ANTIOQUIA,4
2020-10-01,CHOCO,1
2020-10-01,NARIÑO,5
2020-10-01,NORTE DE SANTANDER,1
2020-11-01,CAUCA,1
2020-11-01,NARIÑO,13
2020-11-01,NORTE DE SANTANDER,2
2020-12-01,ANTIOQUIA,7
2020-12-01,GUAVIARE,3
2020-12-01,META,1
2020-12-01,NARIÑO,6
2020-12-01,NORTE DE SANTANDER,2
2021-01-01,ANTIOQUIA,2
2021-01-01,CORDOBA,1
2021-01-01,NARIÑO,6
2021-02-01,ANTIOQUIA,4
2021-02-01,CHOCO,4
2021-02-01,CORDOBA,3
2021-02-01,NARIÑO,6
2021-02-01,NORTE DE SANTANDER,1
2021-02-01,PUTUMAYO,1
2021-02-01,VALLE DEL CAUCA,9
2021-03-01,ANTIOQUIA,1
2021-03-01,NORTE DE SANTANDER,6
2021-04-01,ANTIOQUIA,4
2021-04-01,CAUCA,7
2021-04-01,NARIÑO,2
2021-04-01,NORTE DE SANTANDER,7
2021-04-01,PUTUMAYO,2
2021-05-01,CHOCO,2
2021-05-01,NARIÑO,1
2021-05-01,VALLE DEL CAUCA,1
2021-06-01,ANTIOQUIA,3
2021-06-01,GUAVIARE,4
2021-06-01,NORTE DE SANTANDER,2
2021-07-01,ANTIOQUIA,4
2021-07-01,NARIÑO,3
2021-07-01,NORTE DE SANTANDER,6
2021-08-01,CAUCA,1
2021-08-01,CHOCO,10
2021-08-01,NARIÑO,2
2021-08-01,NORTE DE SANTANDER,6
2021-09-01,CAUCA,4
2021-09-01,CHOCO,4
2021-09-01,META,2
2021-09-01,NARIÑO,1
2021-09-01,NORTE DE SANTANDER,1
2021-10-01,ANTIOQUIA,3
2021-10-01,CAUCA,10
2021-10-01,CHOCO,3
2021-10-01,NARIÑO,1
2021-11-01,CAUCA,5
2021-11-01,CHOCO,3
2021-11-01,META,2
2021-12-01,CAUCA,2
2021-12-01,CHOCO,2
2021-12-01,META,2
2021-12-01,NARIÑO,1
2022-01-01,BOLIVAR,1
2022-01-01,CAQUETA,1
2022-01-01,CAUCA,2
2022-01-01,CHOCO,1
2022-01-01,NORTE DE SANTANDER,3
2022-02-01,ANTIOQUIA,1
2022-02-01,CAUCA,1
2022-02-01,CHOCO,7
2022-02-01,NARIÑO,1
2022-02-01,SANTANDER,8
2022-03-01,ANTIOQUIA,10
2022-03-01,CAUCA,5
2022-03-01,CHOCO,2
2022-03-01,GUAVIARE,1
2022-03-01,NARIÑO,1
2022-03-01,NORTE DE SANTANDER,3
2022-04-01,ANTIOQUIA,1
2022-04-01,CAUCA,2
2022-04-01,CORDOBA,1
2022-04-01,NARIÑO,1
2022-04-01,NORTE DE SANTANDER,3
2022-04-01,VALLE DEL CAUCA,1
2022-05-01,ANTIOQUIA,2
2022-05-01,CAQUETA,1
2022-05-01,CAUCA,1
2022-05-01,CHOCO,1
2022-05-01,CORDOBA,1
2022-05-01,NARIÑO,7
2022-06-01,ANTIOQUIA,4
2022-06-01,CHOCO,1
2022-06-01,META,1
2022-06-01,NARIÑO,3
2022-07-01,ANTIOQUIA,6
2022-07-01,CAUCA,1
2022-07-01,CHOCO,1
2022-07-01,NARIÑO,3
2022-07-01,NORTE DE SANTANDER,2
2022-08-01,CAUCA,3
2022-08-01,CHOCO,3
2022-08-01,NARIÑO,1
2022-08-01,NORTE DE SANTANDER,5
2022-08-01,PUTUMAYO,1
2022-09-01,ARAUCA,1
2022-09-01,NARIÑO,2
2022-10-01,ANTIOQUIA,1
2022-10-01,CAUCA,1
2022-10-01,CHOCO,1
2022-10-01,NARIÑO,1
2022-10-01,NORTE DE SANTANDER,1
2022-11-01,CAUCA,3
2022-11-01,CHOCO,1
2022-11-01,NARIÑO,6
2022-12-01,BOLIVAR,1
2022-12-01,CHOCO,1
2022-12-01,NARIÑO,13
2022-12-01,PUTUMAYO,1
2023-01-01,ANTIOQUIA,3
2023-01-01,CHOCO,5
2023-01-01,NARIÑO,7
2023-01-01,PUTUMAYO,1
2023-02-01,ARAUCA,1
2023-02-01,BOLIVAR,4
2023-02-01,NARIÑO,6
2023-03-01,ARAUCA,1
2023-03-01,BOLIVAR,1
2023-03-01,CAUCA,1
2023-03-01,CHOCO,1
2023-03-01,NARIÑO,5
2023-04-01,BOLIVAR,2
2023-04-01,NARIÑO,1
2023-04-01,PUTUMAYO,1
2023-05-01,CAUCA,1
2023-05-01,CHOCO,6
2023-05-01,NARIÑO,2
2023-06-01,CAQUETA,1
2023-06-01,NARIÑO,10
2023-06-01,NORTE DE SANTANDER,1
2023-07-01,ANTIOQUIA,2
2023-07-01,NARIÑO,1
2023-08-01,ANTIOQUIA,1
2023-08-01,CAUCA,7
2023-08-01,NARIÑO,3
2023-09-01,BOLIVAR,2
2023-09-01,CAUCA,1
2023-09-01,CORDOBA,1
2023-09-01,NARIÑO,1
2023-10-01,CAUCA,2
2023-10-01,NARIÑO,1
2023-10-01,PUTUMAYO,2
